chr1	29570	29571	-	WASH7P
chr1	52473	52474	+	OR4G4P
chr1	182696	182697	+	DDX11L17
chr1	195411	195412	-	WASH9P
chr1	493241	493242	-	ENSG00000250575
chr1	629062	629063	+	MTND1P23
chr1	629640	629641	+	MTND2P28
chr1	631074	631075	+	MTCO1P12
chr1	632757	632758	+	MTCO2P12
chr1	633535	633536	+	MTATP8P1
chr1	633696	633697	+	MTATP6P1
chr1	634376	634377	+	MTCO3P12
chr1	873292	873293	+	TUBB8P11
chr1	1699942	1699943	+	MMP23A
chr1	5554747	5554748	+	ENSG00000283356
chr1	8798475	8798476	+	ENSG00000226545
chr1	12841357	12841358	-	PRAMEF30P
chr1	12926162	12926163	+	PRAMEF29P
chr1	13029339	13029340	+	PRAMEF28P
chr1	13097971	13097972	-	PRAMEF34P
chr1	13105689	13105690	-	PRAMEF35P
chr1	13245863	13245864	+	PRAMEF31P
chr1	13275627	13275628	-	PRAMEF32P
chr1	15917908	15917909	-	ENSG00000270620
chr1	15988182	15988183	+	ENSG00000231353
chr1	15989871	15989872	+	TBC1D3P6
chr1	16040029	16040030	-	ENSG00000232456
chr1	16552531	16552532	-	PDE4DIPP8
chr1	16645622	16645623	+	MST1P2
chr1	16688749	16688750	-	ENSG00000280114
chr1	16855407	16855408	+	PDE4DIPP9
chr1	19262307	19262308	-	ENSG00000286064
chr1	20694013	20694014	-	ENSG00000235432
chr1	21413293	21413294	-	PDE4DIPP10
chr1	21427967	21427968	-	NBPF2P
chr1	21434318	21434319	+	CROCCP5
chr1	23670294	23670295	+	ENSG00000229239
chr1	25267136	25267137	-	ENSG00000261349
chr1	25337465	25337466	-	ENSG00000259984
chr1	26220476	26220477	-	ENSG00000278572
chr1	26817300	26817301	+	ENSG00000287810
chr1	26980165	26980166	+	RPL12P13
chr1	29496893	29496894	-	ENSG00000225011
chr1	32426789	32426790	-	LRRC37A12P
chr1	32986952	32986953	+	ENSG00000239670
chr1	39514956	39514957	+	OXCT2P1
chr1	39795996	39795997	-	ENSG00000229213
chr1	40563534	40563535	+	ENSG00000236505
chr1	40939763	40939764	-	ENSG00000228940
chr1	45530927	45530928	+	HMGB1P48
chr1	46967874	46967875	-	CYP4A26P
chr1	46994502	46994503	-	CYP4A43P
chr1	47001087	47001088	-	CYP4A27P
chr1	47003148	47003149	-	CYP4A44P
chr1	49841821	49841822	+	ZNF859P
chr1	53180921	53180922	+	ENSG00000277397
chr1	58084419	58084420	+	ENSG00000230546
chr1	78317263	78317264	-	ENSG00000227556
chr1	80124004	80124005	+	ENSG00000277670
chr1	89203464	89203465	-	ENSG00000284637
chr1	89236843	89236844	+	ENSG00000289712
chr1	89324522	89324523	+	ENSG00000233235
chr1	93923945	93923946	-	MTND4P11
chr1	93924716	93924717	-	MTND3P21
chr1	93925385	93925386	-	MTCO3P21
chr1	93926072	93926073	-	MTATP6P13
chr1	93926188	93926189	-	ENSG00000250890
chr1	93927569	93927570	-	MTCO2P21
chr1	93928302	93928303	-	MTCO1P21
chr1	103668268	103668269	-	ENSG00000234441
chr1	103713723	103713724	+	AMYP1
chr1	108421295	108421296	-	SLC25A24P2
chr1	108501144	108501145	-	ENSG00000283354
chr1	111250254	111250255	+	CHIAP1
chr1	111367409	111367410	-	CHIAP3
chr1	115471941	115471942	+	ENSG00000226973
chr1	115479428	115479429	+	ENSG00000274468
chr1	115556826	115556827	+	ELOCP20
chr1	119439001	119439002	+	HSD3BP2
chr1	119467221	119467222	+	HSD3BP1
chr1	119538509	119538510	+	HSD3BP3
chr1	119564066	119564067	+	HSD3BP4
chr1	119844514	119844515	-	NBPF7P
chr1	120197085	120197086	+	ENSG00000274642
chr1	121118610	121118611	-	H3P4
chr1	143343180	143343181	+	ENSG00000276118
chr1	143354191	143354192	+	ENSG00000277095
chr1	143420207	143420208	-	ENSG00000277702
chr1	143498767	143498768	-	KMT2CP3
chr1	143541768	143541769	+	ENSG00000203825
chr1	143635641	143635642	-	NBPF17P
chr1	143745249	143745250	+	ENSG00000223779
chr1	143825837	143825838	-	PDE4DIPP3
chr1	143874793	143874794	+	FCGR1CP
chr1	143975087	143975088	+	SRGAP2D
chr1	144179777	144179778	+	ENSG00000275767
chr1	144474790	144474791	-	ENSG00000229002
chr1	144661200	144661201	+	KMT2CP1
chr1	144786606	144786607	-	ENSG00000273825
chr1	145139986	145139987	+	ENSG00000283752
chr1	145507444	145507445	+	ENSG00000278182
chr1	145509047	145509048	+	PDE4DIPP5
chr1	146459449	146459450	+	ENSG00000277655
chr1	147056593	147056594	-	ENSG00000227242
chr1	147124285	147124286	-	NBPF13P
chr1	147445579	147445580	+	OR13Z2P
chr1	147482238	147482239	+	OR13Z3P
chr1	148080598	148080599	+	PDE4DIPP1
chr1	148146395	148146396	+	ABHD17AP1
chr1	148234273	148234274	+	ENSG00000224335
chr1	148288951	148288952	-	ENSG00000228626
chr1	148784594	148784595	-	SEC22B3P
chr1	149121866	149121867	-	ENSG00000274019
chr1	149345661	149345662	+	SEC22B2P
chr1	152018662	152018663	+	NBPF18P
chr1	152080903	152080904	-	ENSG00000285818
chr1	152644717	152644718	-	LCEP4
chr1	152656332	152656333	+	LCEP3
chr1	152737518	152737519	+	LCEP2
chr1	152744299	152744300	+	LCEP1
chr1	153023962	153023963	+	ENSG00000234262
chr1	153140709	153140710	-	SPRR2C
chr1	153428401	153428402	-	S100A7P1
chr1	153438329	153438330	-	S100A7L2
chr1	154312462	154312463	+	ENSG00000278694
chr1	154379273	154379274	-	ENSG00000237920
chr1	155230975	155230976	+	MTX1P1
chr1	155586644	155586645	+	DAP3P1
chr1	155660245	155660246	-	ENSG00000246203
chr1	155745829	155745830	+	MSTO2P
chr1	157205040	157205041	-	ENSG00000284592
chr1	157310655	157310656	-	ENSG00000286073
chr1	157400927	157400928	+	ENSG00000286151
chr1	157437484	157437485	+	ENSG00000286005
chr1	157630728	157630729	-	ENSG00000236731
chr1	157642751	157642752	-	ENSG00000233712
chr1	158446014	158446015	-	OR10T1P
chr1	158491219	158491220	+	OR10R3P
chr1	158514785	158514786	+	OR10R1P
chr1	158695509	158695510	-	OR6K1P
chr1	158725067	158725068	-	OR6K4P
chr1	158743415	158743416	-	OR6K5P
chr1	158796014	158796015	+	OR2AQ1P
chr1	158809335	158809336	-	OR10AA1P
chr1	158878746	158878747	+	PYHIN5P
chr1	159280001	159280002	-	OR10J2P
chr1	159366161	159366162	+	OR10J8P
chr1	159406409	159406410	-	OR10J9P
chr1	159557368	159557369	+	ENSG00000231100
chr1	159582648	159582649	-	OR10AE1P
chr1	159598298	159598299	+	OR10J6P
chr1	159705607	159705608	-	CRPP1
chr1	159974064	159974065	-	ENSG00000273933
chr1	160776608	160776609	-	ENSG00000275801
chr1	160780140	160780141	-	ENSG00000274562
chr1	161538158	161538159	-	RPS23P10
chr1	161606291	161606292	+	HSPA7
chr1	161619585	161619586	-	RPS23P9
chr1	162441296	162441297	-	ENSG00000289713
chr1	162445549	162445550	+	SLAMF6P1
chr1	162824795	162824796	+	ENSG00000230739
chr1	163423164	163423165	-	ENSG00000225122
chr1	166474745	166474746	+	FMO7P
chr1	166566178	166566179	+	FMO8P
chr1	166665885	166665886	+	FMO10P
chr1	166763334	166763335	+	FMO11P
chr1	167820248	167820249	-	ENSG00000250762
chr1	171752025	171752026	-	ENSG00000232261
chr1	176272483	176272484	+	ENSG00000227815
chr1	180964511	180964512	+	ENSG00000251520
chr1	183587174	183587175	+	ENSG00000289732
chr1	187706561	187706562	+	SLC4A1APP2
chr1	192796533	192796534	+	ENSG00000228687
chr1	196850283	196850284	+	ENSG00000285986
chr1	196970495	196970496	+	ENSG00000273844
chr1	197688760	197688761	+	EEF1A1P32
chr1	202999738	202999739	+	ENSG00000231547
chr1	206333438	206333439	-	ENSG00000229509
chr1	207165496	207165497	+	C4BPAP1
chr1	207225798	207225799	+	C4BPAP2
chr1	207645234	207645235	+	CD46P1
chr1	207658454	207658455	+	CDCA4P3
chr1	207762584	207762585	+	CDCA4P4
chr1	209001338	209001339	+	ENSG00000278684
chr1	211417025	211417026	+	SNX25P1
chr1	214608840	214608841	-	ABHD17AP3
chr1	222519732	222519733	-	ENSG00000267305
chr1	223947605	223947606	+	CICP5
chr1	224035056	224035057	-	ENSG00000229930
chr1	226333655	226333656	-	ENSG00000275406
chr1	227490691	227490692	+	ENSG00000278180
chr1	227495142	227495143	-	TUBB8P10
chr1	227506182	227506183	+	TUBB8P9
chr1	227510618	227510619	-	ENSG00000227711
chr1	227706699	227706700	-	ZNF847P
chr1	227978193	227978194	-	CICP26
chr1	227980051	227980052	+	SEPTIN14P17
chr1	231339558	231339559	-	ENSG00000287450
chr1	233295727	233295728	-	ENSG00000251508
chr1	242057085	242057086	+	TUBB8P6
chr1	242062595	242062596	-	ENSG00000277099
chr1	242345558	242345559	+	ENSG00000226750
chr1	246522592	246522593	-	ENSG00000227728
chr1	246527030	246527031	+	ENSG00000230813
chr1	246528841	246528842	-	ENSG00000229112
chr1	246818076	246818077	+	ENSG00000235386
chr1	247086067	247086068	-	ENSG00000228982
chr1	247666887	247666888	+	OR3D1P
chr1	247834288	247834289	-	OR6R1P
chr1	247938973	247938974	+	OR2X1P
chr1	247974741	247974742	+	OR2L9P
chr1	248003129	248003130	+	OR2L6P
chr1	248121932	248121933	+	OR2M1P
chr1	248498308	248498309	+	OR2AS2P
chr1	248549762	248549763	-	OR2AS1P
chr2	3617757	3617758	-	TMSB4XP2
chr2	27159229	27159230	-	ENSG00000236099
chr2	44166266	44166267	+	PDSS1P2
chr2	51775402	51775403	-	CRYGGP
chr2	61858137	61858138	+	ENSG00000277498
chr2	68117026	68117027	+	ENSG00000284932
chr2	68449174	68449175	-	WDR4P2
chr2	71037685	71037686	+	OR7E46P
chr2	71055527	71055528	+	OR7E62P
chr2	71178587	71178588	+	ENSG00000233870
chr2	79548128	79548129	-	ENSG00000277171
chr2	84850711	84850712	+	ENSG00000276362
chr2	85315041	85315042	+	ENSG00000246575
chr2	87052992	87052993	-	ANAPC1P2
chr2	87076060	87076061	-	ENSG00000266931
chr2	87120980	87120981	-	ANAPC1P3
chr2	87125198	87125199	+	ENSG00000204745
chr2	87992858	87992859	-	ANAPC1P5
chr2	88003743	88003744	-	ENSG00000288437
chr2	89203906	89203907	-	ENSG00000277852
chr2	89533185	89533186	+	ENSG00000283427
chr2	89640635	89640636	-	KMT2CP4
chr2	89662601	89662602	+	ENSG00000283214
chr2	89666033	89666034	+	ENSG00000283659
chr2	90309230	90309231	+	ENSG00000275490
chr2	91589494	91589495	+	ENSG00000278131
chr2	91736726	91736727	+	IGSF3P2
chr2	91775944	91775945	+	GGT8P
chr2	91840601	91840602	+	ABCD1P5
chr2	91957436	91957437	+	CHEK2P3
chr2	92035000	92035001	-	IGKV1OR2-2
chr2	94953593	94953594	-	ENSG00000231331
chr2	94961503	94961504	-	ENSG00000232594
chr2	94964836	94964837	-	ENSG00000233105
chr2	94972167	94972168	-	ENSG00000224585
chr2	94974838	94974839	-	ENSG00000233447
chr2	94991880	94991881	+	ENSG00000235186
chr2	95197357	95197358	-	SLC2AXP1
chr2	95414296	95414297	-	ENSG00000248821
chr2	95451500	95451501	-	UBTFL5
chr2	95460336	95460337	-	ENSG00000277747
chr2	95469778	95469779	-	ENSG00000234903
chr2	95488627	95488628	-	ENSG00000223917
chr2	95502791	95502792	+	ENSG00000224719
chr2	95514827	95514828	+	TRIM64FP
chr2	95546531	95546532	+	OR7E102P
chr2	95574901	95574902	+	TRIM51JP
chr2	95588149	95588150	+	ENSG00000274028
chr2	95607073	95607074	+	ENSG00000271003
chr2	95625213	95625214	+	UBTFL3
chr2	95633850	95633851	+	ENSG00000275497
chr2	97001593	97001594	-	ENSG00000275094
chr2	97018604	97018605	-	ENSG00000248134
chr2	97031636	97031637	-	TRIM43CP
chr2	97034442	97034443	+	ENSG00000230343
chr2	97037549	97037550	-	ENSG00000236847
chr2	97081098	97081099	+	GPAT2P2
chr2	97637803	97637804	-	UBTFL6
chr2	106369724	106369725	+	ANAPC1P6
chr2	106477669	106477670	-	ENSG00000237666
chr2	107903964	107903965	+	ENSG00000227270
chr2	108317725	108317726	+	SULT1C2P2
chr2	110050064	110050065	-	ENSG00000283283
chr2	110321402	110321403	+	ENSG00000283167
chr2	110500100	110500101	+	ENSG00000231583
chr2	113541937	113541938	+	PGM5P4
chr2	113601261	113601262	-	DDX11L2
chr2	117023918	117023919	+	MTND1P28
chr2	117025077	117025078	+	MTND2P21
chr2	117026537	117026538	+	MTCO1P43
chr2	129993105	129993106	-	ENSG00000250207
chr2	130006200	130006201	+	ARHGAP42P2
chr2	130049440	130049441	-	CYP4F27P
chr2	130202312	130202313	+	ENSG00000227632
chr2	130245971	130245972	+	ENSG00000234398
chr2	130270440	130270441	+	MTND1P29
chr2	130272479	130272480	+	MTND2P22
chr2	130273908	130273909	+	MTCO1P7
chr2	130275592	130275593	+	MTCO2P7
chr2	130276507	130276508	+	MTATP6P7
chr2	130277184	130277185	+	MTCO3P7
chr2	130278036	130278037	+	MTND3P15
chr2	130278444	130278445	+	ENSG00000284171
chr2	130278757	130278758	+	MTND4P27
chr2	130280299	130280300	+	MTND5P29
chr2	130282606	130282607	-	MTND6P8
chr2	130282679	130282680	+	MTCYBP8
chr2	130330285	130330286	-	ENSG00000224352
chr2	131198007	131198008	-	NF1P8
chr2	131202941	131202942	-	MED15P8
chr2	131330857	131330858	-	ARHGAP42P1
chr2	131335502	131335503	+	ENSG00000284706
chr2	131369711	131369712	-	MTCYBP10
chr2	131369785	131369786	+	MTND6P10
chr2	131372075	131372076	-	MTND5P23
chr2	131373650	131373651	-	MTND4P21
chr2	131379675	131379676	-	ENSG00000284003
chr2	131380083	131380084	-	MTND3P18
chr2	131380913	131380914	-	MTCO3P18
chr2	131381590	131381591	-	MTATP6P4
chr2	131382497	131382498	-	MTCO2P18
chr2	131384061	131384062	-	MTCO1P18
chr2	131385490	131385491	-	MTND2P18
chr2	131386314	131386315	-	MTND1P26
chr2	131401250	131401251	-	ENSG00000276460
chr2	131536988	131536989	-	MED15P4
chr2	131591752	131591753	+	POTEKP
chr2	131822920	131822921	-	ENSG00000274353
chr2	131836532	131836533	-	ENSG00000232760
chr2	132087289	132087290	+	ENSG00000225594
chr2	132139429	132139430	-	ENSG00000227745
chr2	136544712	136544713	+	SMC4P1
chr2	140220368	140220369	-	MTND2P19
chr2	158419955	158419956	+	HNRNPDLP2
chr2	158874642	158874643	+	OR7E90P
chr2	164573741	164573742	+	ENSG00000277998
chr2	166414489	166414490	+	ENSG00000283657
chr2	189626259	189626260	-	ENSG00000276828
chr2	201213081	201213082	-	MTND5P25
chr2	201214660	201214661	-	MTND4P23
chr2	201214950	201214951	-	MTND4LP13
chr2	201549631	201549632	+	MTCO2P16
chr2	201550524	201550525	+	MTATP6P16
chr2	201552859	201552860	+	MTCO3P16
chr2	201553688	201553689	+	MTND3P16
chr2	201554096	201554097	+	MTND4LP16
chr2	201554384	201554385	+	MTND4P29
chr2	201556892	201556893	+	MTND5P31
chr2	202614214	202614215	+	MTCO1P17
chr2	202614853	202614854	+	MTCO2P17
chr2	202615769	202615770	+	MTATP6P17
chr2	202616700	202616701	+	MTCO3P17
chr2	202617284	202617285	+	MTND3P17
chr2	202617695	202617696	+	MTND4LP17
chr2	202617983	202617984	+	MTND4P30
chr2	209145241	209145242	+	CRYGFP
chr2	209178966	209178967	+	PKP4P1
chr2	219358983	219358984	-	ENSG00000232789
chr2	227587515	227587516	-	SCYGR9
chr2	231507256	231507257	-	ENSG00000283491
chr2	232351309	232351310	-	ECEL1P3
chr2	232368576	232368577	+	ENSG00000275157
chr2	232419816	232419817	-	ECEL1P1
chr2	232442034	232442035	+	DIS3L2P1
chr2	233585439	233585440	+	UGT1A12P
chr2	233603553	233603554	+	UGT1A11P
chr2	233647926	233647927	+	UGT1A13P
chr2	233738952	233738953	+	ENSG00000248114
chr2	233747214	233747215	+	UGT1A2P
chr2	233750617	233750618	+	ENSG00000248705
chr2	234455783	234455784	-	HSPE1P9
chr2	234745606	234745607	-	ENSG00000278593
chr2	238454908	238454909	+	ENSG00000274346
chr2	240079433	240079434	+	OR9S24P
chr3	5084429	5084430	-	UBTFL8
chr3	6208269	6208270	+	ENSG00000232958
chr3	11488473	11488474	-	ENSG00000235240
chr3	11859674	11859675	+	FANCD2P2
chr3	11900011	11900012	+	NUP210P2
chr3	11906527	11906528	+	MARK2P14
chr3	11910765	11910766	-	ENSG00000251038
chr3	16694202	16694203	-	CDYLP1
chr3	17706233	17706234	-	ENSG00000233133
chr3	22670711	22670712	-	ENSG00000234723
chr3	22989823	22989824	+	SALL4P5
chr3	23389909	23389910	-	ENSG00000228171
chr3	32066611	32066612	-	NIFKP7
chr3	32151895	32151896	-	ENSG00000236732
chr3	36637457	36637458	-	NBPF21P
chr3	38329070	38329071	-	DLEC1P1
chr3	43037121	43037122	+	ENSG00000232375
chr3	49160851	49160852	-	LAMB2P1
chr3	72878102	72878103	-	PSMD12P1
chr3	75339071	75339072	-	MYLKP1
chr3	75348787	75348788	-	OR7E66P
chr3	75371342	75371343	-	OR7E55P
chr3	75391810	75391811	-	EVA1CP5
chr3	75415070	75415071	+	ALG1L6P
chr3	75491202	75491203	-	ENPP7P2
chr3	75599673	75599674	-	OR7E121P
chr3	75623849	75623850	-	UNC93B3
chr3	75629993	75629994	+	CLUHP10
chr3	80442081	80442082	+	ENSG00000242586
chr3	90257415	90257416	-	PROS2P
chr3	91513775	91513776	-	ENSG00000283544
chr3	98053374	98053375	+	OR5BM1P
chr3	98197211	98197212	+	OR5H5P
chr3	98207423	98207424	+	OR5H3P
chr3	98222044	98222045	+	OR5H4P
chr3	98238352	98238353	+	OR5H7P
chr3	100223858	100223859	-	DUSP12P1
chr3	106895718	106895719	-	MTND4P16
chr3	106896408	106896409	-	MTND4LP3
chr3	106896821	106896822	-	MTND3P6
chr3	106897671	106897672	-	MTCO3P35
chr3	106898268	106898269	-	MTATP6P22
chr3	106898889	106898890	+	MTND5P16
chr3	106900855	106900856	-	MTND6P6
chr3	106901081	106901082	-	MTCO1P35
chr3	106901068	106901069	+	MTND1P16
chr3	106902173	106902174	+	MTND2P14
chr3	108326814	108326815	-	HNRNPA1P17
chr3	108725536	108725537	-	ENSG00000241777
chr3	112525201	112525202	-	OR7E100P
chr3	112697706	112697707	-	ENSG00000242308
chr3	112897462	112897463	-	ENSG00000289742
chr3	120722024	120722025	+	MTCO1P29
chr3	120722458	120722459	+	MTCO2P29
chr3	122417012	122417013	-	ENSG00000242531
chr3	125703349	125703350	+	OR7E130P
chr3	125712139	125712140	+	OR7E29P
chr3	125724539	125724540	+	OR7E93P
chr3	125734295	125734296	+	OR7E53P
chr3	125747084	125747085	+	OR7E97P
chr3	127221881	127221882	-	ENSG00000243016
chr3	128677005	128677006	-	POU5F1P6
chr3	129325426	129325427	-	NUP210P3
chr3	129381298	129381299	+	ENSG00000244932
chr3	129632492	129632493	-	ENSG00000248659
chr3	130003007	130003008	-	ENSG00000284731
chr3	130022520	130022521	-	OR7E129P
chr3	130035539	130035540	-	OR7E21P
chr3	130055920	130055921	-	EVA1CP6
chr3	131537685	131537686	-	ENSG00000251447
chr3	138125812	138125813	-	ENSG00000286396
chr3	143620528	143620529	+	ENSG00000248374
chr3	155375790	155375791	-	ENSG00000248772
chr3	184076779	184076780	+	HTR3C2P
chr3	184500370	184500371	-	ENSG00000283625
chr3	186687329	186687330	+	ENSG00000225175
chr3	186698520	186698521	+	ENSG00000226724
chr3	186826549	186826550	+	ENSG00000231982
chr3	195614947	195614948	+	MUC20P1
chr3	195635188	195635189	+	ENSG00000282206
chr3	196453055	196453056	-	ENSG00000225240
chr3	196528791	196528792	-	ENSG00000213358
chr3	198119721	198119722	+	TUBB8P8
chr3	198123232	198123233	-	ENSG00000236246
chr3	198228194	198228195	+	SEPTIN14P3
chr4	205009	205010	-	ENSG00000250892
chr4	2608146	2608147	-	ENSG00000248155
chr4	3890249	3890250	-	OR7E163P
chr4	3902594	3902595	-	OR7E162P
chr4	3935447	3935448	+	ALG1L7P
chr4	4127569	4127570	-	OR7E103P
chr4	4150421	4150422	-	UNC93B4
chr4	4157443	4157444	-	OR7E99P
chr4	4175238	4175239	-	OR7E43P
chr4	6658690	6658691	+	ENSG00000284847
chr4	8949630	8949631	+	OR7E85BP
chr4	8959628	8959629	+	UNC93B8
chr4	8981436	8981437	+	OR7E111FP
chr4	9000841	9000842	+	ENSG00000284636
chr4	9079023	9079024	+	ENPP7P10
chr4	9153296	9153297	+	FAM86KP
chr4	9170270	9170271	-	ALG1L14P
chr4	9229641	9229642	+	USP17L14P
chr4	9239130	9239131	+	USP17L16P
chr4	9358383	9358384	+	USP17L9P
chr4	9367874	9367875	+	USP17L6P
chr4	9388983	9388984	-	ENSG00000219492
chr4	9399204	9399205	+	DEFB108F
chr4	9422313	9422314	+	DEFB130D
chr4	9459255	9459256	+	OR7E86P
chr4	9468974	9468975	+	OR7E84P
chr4	9483718	9483719	+	OR7E85P
chr4	9493736	9493737	+	UNC93B7
chr4	9512905	9512906	+	OR7E83P
chr4	9532429	9532430	+	ENSG00000284648
chr4	9692495	9692496	+	FAM86MP
chr4	9710812	9710813	-	ALG1L3P
chr4	9733370	9733371	+	EVA1CP1
chr4	9754898	9754899	+	OR7E35P
chr4	17558045	17558046	-	ENSG00000283219
chr4	22607501	22607502	+	ENSG00000251516
chr4	25719745	25719746	-	MTND4P9
chr4	25720030	25720031	-	MTND4LP22
chr4	25720431	25720432	-	MTND3P5
chr4	25721056	25721057	-	MTCO3P44
chr4	30885182	30885183	-	MTCYBP43
chr4	41723512	41723513	-	OR5M14P
chr4	42029209	42029210	+	ATP1B1P1
chr4	49489554	49489555	-	ENSG00000248583
chr4	49506022	49506023	-	ANKRD20A17P
chr4	49550032	49550033	+	ENSG00000232471
chr4	64606418	64606419	+	MTCO3P27
chr4	64608905	64608906	+	MTND6P16
chr4	64610909	64610910	-	MTND4LP31
chr4	64611308	64611309	-	MTND3P24
chr4	64611888	64611889	-	MTCO3P28
chr4	67773854	67773855	-	TMPRSS11CP
chr4	68050478	68050479	-	MTND2P41
chr4	68285959	68285960	-	ENSG00000250642
chr4	68517647	68517648	-	UGT2B29P
chr4	68628899	68628900	-	ENSG00000251074
chr4	68712498	68712499	-	ENSG00000248635
chr4	68784618	68784619	+	ENSG00000250376
chr4	68813995	68813996	+	ENSG00000251236
chr4	68834368	68834369	-	ENSG00000251424
chr4	68861610	68861611	-	ENSG00000249235
chr4	68880131	68880132	-	ENSG00000251529
chr4	68900910	68900911	-	ENSG00000248613
chr4	68908034	68908035	-	ENSG00000249985
chr4	68924741	68924742	-	ENSG00000198277
chr4	68975993	68975994	-	ENSG00000251498
chr4	68988533	68988534	-	ENSG00000249735
chr4	69020414	69020415	-	UGT2B27P
chr4	69022340	69022341	-	ENSG00000249890
chr4	69027831	69027832	+	UGT2B26P
chr4	69066395	69066396	+	ENSG00000248763
chr4	69131351	69131352	+	ENSG00000250100
chr4	69144734	69144735	+	ENSG00000251427
chr4	69216635	69216636	-	ENSG00000268803
chr4	69307173	69307174	-	ENSG00000251691
chr4	69387580	69387581	+	ENSG00000268209
chr4	69406931	69406932	+	ENSG00000248824
chr4	69437357	69437358	+	ENSG00000250828
chr4	69450014	69450015	+	ENSG00000249686
chr4	69518400	69518401	-	UGT2A3P7
chr4	69585527	69585528	-	ENSG00000251177
chr4	99498698	99498699	-	ENSG00000250300
chr4	108415220	108415221	+	ZACNP1
chr4	117249924	117249925	+	ENSG00000223605
chr4	119334329	119334330	+	KLHL2P1
chr4	119395335	119395336	-	ENSG00000249244
chr4	133575208	133575209	-	ENSG00000250191
chr4	151259503	151259504	+	ENSG00000249012
chr4	151279192	151279193	-	ENSG00000250350
chr4	154606077	154606078	-	ENSG00000287770
chr4	155385352	155385353	+	ENSG00000271606
chr4	155452405	155452406	-	MTCYBP17
chr4	155452526	155452527	+	MTND6P17
chr4	155454803	155454804	-	MTND5P9
chr4	155456411	155456412	-	MTND4P8
chr4	155456981	155456982	-	MTND3P3
chr4	155457960	155457961	-	MTCO3P9
chr4	155458640	155458641	-	MTATP6P9
chr4	155459563	155459564	-	MTCO2P9
chr4	155461237	155461238	-	MTCO1P9
chr4	155462663	155462664	-	MTND2P33
chr4	155463823	155463824	-	MTND1P22
chr4	157969615	157969616	-	RPL6P11
chr4	164939990	164939991	-	ENSG00000248645
chr4	179069437	179069438	+	ENSG00000250839
chr4	181237564	181237565	-	ENSG00000248770
chr4	189984871	189984872	-	TUBB7P
chr4	190022665	190022666	-	DUX4L9
chr4	190063005	190063006	-	CLUHP4
chr4	190065233	190065234	+	ENSG00000277162
chr4	190067935	190067936	+	DUX4L8
chr4	190071232	190071233	+	DUX4L7
chr4	190074525	190074526	+	DUX4L6
chr4	190077818	190077819	+	DUX4L5
chr4	190081118	190081119	+	DUX4L4
chr4	190084412	190084413	+	DUX4L1
chr4	190087705	190087706	+	DUX4L3
chr4	190091005	190091006	+	DUX4L2
chr5	1598127	1598128	+	ENSG00000248126
chr5	7306592	7306593	-	ENSG00000205976
chr5	8157788	8157789	-	ENSG00000249486
chr5	8410996	8410997	-	ENSG00000251549
chr5	8456558	8456559	-	ENSG00000250037
chr5	10655925	10655926	-	ENSG00000251196
chr5	29104880	29104881	+	ENSG00000248687
chr5	35896290	35896291	-	ENSG00000248349
chr5	37377049	37377050	+	ENSG00000250455
chr5	39022411	39022412	+	AIG1P1
chr5	55073015	55073016	+	GZMAP1
chr5	61146376	61146377	-	ENSG00000276945
chr5	69631963	69631964	+	ENSG00000250138
chr5	69653248	69653249	+	ENSG00000248769
chr5	69875271	69875272	+	GUSBP13
chr5	69903198	69903199	-	ENSG00000251158
chr5	69985501	69985502	-	CDH12P2
chr5	70128434	70128435	-	NAIPP2
chr5	70132679	70132680	+	CDH12P3
chr5	70207745	70207746	-	ENSG00000254701
chr5	70258930	70258931	-	GUSBP14
chr5	70500903	70500904	-	ENSG00000253333
chr5	70555266	70555267	-	GUSBP15
chr5	70751184	70751185	+	GUSBP16
chr5	70860579	70860580	-	CDH12P1
chr5	71093193	71093194	-	OCLNP1
chr5	71128753	71128754	-	NAIPP4
chr5	71132993	71132994	+	CDH12P4
chr5	71208130	71208131	-	GUSBP9
chr5	71259238	71259239	-	GUSBP17
chr5	76170930	76170931	+	ENSG00000251668
chr5	99532628	99532629	+	GUSBP8
chr5	100067954	100067955	-	GUSBP7
chr5	100381398	100381399	-	GUSBP19
chr5	100388853	100388854	+	ENSG00000273957
chr5	101816780	101816781	-	OR7H2P
chr5	121196210	121196211	-	ENSG00000250847
chr5	128932175	128932176	-	ENSG00000288697
chr5	132149559	132149560	-	ENSG00000227616
chr5	132163765	132163766	-	ENSG00000235775
chr5	135746356	135746357	-	ENSG00000223539
chr5	141087470	141087471	+	ENSG00000289752
chr5	141439853	141439854	+	PCDHGB9P
chr5	148362777	148362778	+	ENSG00000283653
chr5	150952460	150952461	-	ENSG00000274235
chr5	150978419	150978420	+	ENSG00000277866
chr5	156458507	156458508	-	ENSG00000253370
chr5	157747707	157747708	-	ENSG00000253630
chr5	157989990	157989991	-	MARK2P11
chr5	163416525	163416526	+	ENSG00000250114
chr5	174926541	174926542	+	ENSG00000248293
chr5	176006145	176006146	+	OR1X1P
chr5	177837646	177837647	-	OR1X5P
chr5	178825382	178825383	+	ENSG00000274813
chr5	179522457	179522458	+	ENSG00000251545
chr5	179651284	179651285	+	ENSG00000228259
chr5	180693763	180693764	-	OR2AI1P
chr5	181291673	181291674	+	ENSG00000274525
chr6	106856	106857	-	OR4F1P
chr6	170631	170632	-	ENSG00000218577
chr6	2912113	2912114	-	ENSG00000232999
chr6	3048835	3048836	+	SERPINB8P1
chr6	3179764	3179765	-	TUBB2BP1
chr6	7232556	7232557	+	ENSG00000287002
chr6	17953572	17953573	+	ENSG00000220920
chr6	18368644	18368645	-	IMPDH1P9
chr6	25732162	25732163	-	H2BC2P
chr6	25732497	25732498	+	H2AC2P
chr6	26016379	26016380	+	H3P26
chr6	26043989	26043990	+	H2AC5P
chr6	26195554	26195555	+	H1-12P
chr6	26219045	26219046	+	H3C5P
chr6	26233122	26233123	+	H2AC9P
chr6	26477872	26477873	+	BTN1A1P1
chr6	27324894	27324895	+	VN1R10P
chr6	27937465	27937466	+	OR2W6P
chr6	27977150	27977151	+	OR2W4P
chr6	28033947	28033948	+	OR2W2P
chr6	28046434	28046435	+	OR2B7P
chr6	28073316	28073317	+	OR1F12P
chr6	28176188	28176189	+	ZNF603P
chr6	28188050	28188051	+	ZKSCAN8P2
chr6	28456141	28456142	-	OR2E1P
chr6	29027607	29027608	-	OR2AD1P
chr6	29072599	29072600	-	OR2P1P
chr6	29181510	29181511	+	OR2J4P
chr6	29230157	29230158	-	OR2G1P
chr6	29264079	29264080	-	OR2U1P
chr6	29269421	29269422	-	OR2U2P
chr6	29469806	29469807	-	UBDP1
chr6	29476071	29476072	-	MAS1LP1
chr6	29538787	29538788	-	GPR53P
chr6	29573909	29573910	+	OR2H5P
chr6	29723971	29723972	-	ENSG00000225864
chr6	29748289	29748290	+	HCG9P5
chr6	29792750	29792751	-	HCG4
chr6	29800415	29800416	+	HLA-P
chr6	29812696	29812697	-	MICG
chr6	29828364	29828365	-	HCG4P8
chr6	29888268	29888269	-	ENSG00000230521
chr6	29887752	29887753	+	HLA-H
chr6	29896654	29896655	+	HLA-T
chr6	29906543	29906544	+	DDX39BP1
chr6	29908645	29908646	-	MCCD1P1
chr6	29926973	29926974	-	HCG4B
chr6	29926459	29926460	+	HLA-K
chr6	29934101	29934102	+	HLA-U
chr6	29943067	29943068	-	ENSG00000227766
chr6	29956596	29956597	+	HLA-W
chr6	29972464	29972465	-	MICD
chr6	29993209	29993210	+	DDX39BP2
chr6	29995314	29995315	-	MCCD1P2
chr6	30007116	30007117	-	ENSG00000237669
chr6	30238301	30238302	+	TRIM26BP
chr6	30351416	30351417	+	HLA-N
chr6	30414715	30414716	+	MICC
chr6	31222913	31222914	+	ENSG00000255726
chr6	31225058	31225059	-	ENSG00000255899
chr6	31308549	31308550	-	ENSG00000229836
chr6	31356647	31356648	+	ENSG00000271581
chr6	31382288	31382289	-	HLA-S
chr6	31463336	31463337	-	ENSG00000233902
chr6	31515979	31515980	+	ENSG00000256851
chr6	32012472	32012473	-	TNXA
chr6	32013270	32013271	+	STK19B
chr6	32473500	32473501	-	HLA-DRB9
chr6	32706955	32706956	-	MTCO3P1
chr6	32731695	32731696	-	HLA-DQB3
chr6	32896416	32896417	+	HLA-Z
chr6	33097295	33097296	-	HLA-DPA2
chr6	33107330	33107331	-	COL11A2P1
chr6	33143325	33143326	-	HLA-DPA3
chr6	35279819	35279820	-	ENSG00000217004
chr6	35443044	35443045	+	MKRN6P
chr6	41247369	41247370	+	TREML5P
chr6	41270239	41270240	-	ENSG00000218809
chr6	45097496	45097497	+	ENSG00000276156
chr6	52703825	52703826	-	GSTA8P
chr6	52744656	52744657	-	GSTA7P
chr6	52778347	52778348	-	GSTA12P
chr6	52813460	52813461	-	GSTA6P
chr6	52870329	52870330	-	GSTA11P
chr6	52885254	52885255	-	GSTA10P
chr6	62547427	62547428	+	ENSG00000217067
chr6	63397106	63397107	-	ENSG00000218274
chr6	63440766	63440767	+	ENSG00000218048
chr6	63480134	63480135	+	EEF1B2P5
chr6	85155667	85155668	+	ENSG00000220291
chr6	85286076	85286077	+	ENSG00000217060
chr6	86897547	86897548	+	ENSG00000220240
chr6	127635321	127635322	-	ENSG00000219284
chr6	127659424	127659425	+	ENSG00000260212
chr6	127660579	127660580	-	ENSG00000219699
chr6	132559024	132559025	+	TAAR7P
chr6	132595436	132595437	-	TAAR4P
chr6	155005318	155005319	-	ENSG00000274451
chr6	160676523	160676524	-	ENSG00000243831
chr6	160757518	160757519	-	ENSG00000276960
chr6	160773988	160773989	+	ENSG00000274903
chr6	160905770	160905771	+	ENSG00000220913
chr6	166229334	166229335	+	ENSG00000280991
chr6	170639606	170639607	+	OR4F7P
chr7	5037831	5037832	-	SPDYE19P
chr7	6673494	6673495	+	ENSG00000198580
chr7	6720982	6720983	-	SPDYE20P
chr7	6835794	6835795	-	OR7E39P
chr7	6867672	6867673	-	OR7E136P
chr7	6880626	6880627	-	OR7E59P
chr7	6923804	6923805	+	ALG1L5P
chr7	6939603	6939604	-	FAM86LP
chr7	22881350	22881351	-	ENSG00000226329
chr7	32761787	32761788	-	DPY19L1P1
chr7	32788334	32788335	+	ENSG00000250756
chr7	32812757	32812758	+	DPY19L1P2
chr7	35933888	35933889	+	ENSG00000273580
chr7	35946294	35946295	+	SEPTIN7P3
chr7	39816549	39816550	+	ENSG00000237251
chr7	40107288	40107289	+	ENSG00000273444
chr7	40151613	40151614	+	THUMPD3P1
chr7	42794906	42794907	+	TCP1P1
chr7	45816557	45816558	+	ENSG00000226838
chr7	45818582	45818583	+	ENSG00000251378
chr7	55678490	55678491	-	ENSG00000231317
chr7	55764797	55764798	+	PSPHP1
chr7	56322804	56322805	+	ENSG00000203462
chr7	56360541	56360542	-	SEPTIN14P24
chr7	56462536	56462537	+	ENSG00000278205
chr7	56650696	56650697	-	ENSG00000228303
chr7	56687366	56687367	-	ENSG00000277174
chr7	56944353	56944354	-	ENSG00000225244
chr7	56991888	56991889	+	TNRC18P3
chr7	57020273	57020274	-	SLC29A4P1
chr7	57061301	57061302	-	PHKG1P4
chr7	57074664	57074665	-	SEPTIN7P15
chr7	57150347	57150348	-	ENSG00000235095
chr7	57166024	57166025	-	ENSG00000283431
chr7	57167039	57167040	+	ENSG00000284474
chr7	57167200	57167201	+	MTATP6P8
chr7	57167880	57167881	+	MTCO3P10
chr7	57168725	57168726	+	ENSG00000283230
chr7	57169143	57169144	+	MTND4LP32
chr7	57169406	57169407	+	MTND4P4
chr7	57170974	57170975	+	MTND5P6
chr7	57173283	57173284	-	MTND6P29
chr7	57173357	57173358	+	MTCYBP29
chr7	57180052	57180053	-	GUSBP10
chr7	57185788	57185789	+	MTND1P4
chr7	57186412	57186413	+	MTND2P6
chr7	57187892	57187893	+	MTCO1P10
chr7	57189578	57189579	+	MTCO2P10
chr7	57190300	57190301	+	ENSG00000284098
chr7	57190461	57190462	+	MTATP6P10
chr7	57191141	57191142	+	MTCO3P4
chr7	57191997	57191998	+	ENSG00000284558
chr7	57192405	57192406	+	ENSG00000284221
chr7	57192695	57192696	+	MTND4P5
chr7	57194257	57194258	+	MTND5P7
chr7	57196564	57196565	-	ENSG00000284572
chr7	57196638	57196639	+	MTCYBP5
chr7	57203597	57203598	-	GUSBP12
chr7	57270839	57270840	+	ENSG00000274299
chr7	57599794	57599795	+	NCOR1P3
chr7	57651119	57651120	-	ENSG00000230796
chr7	57650521	57650522	+	ENSG00000237639
chr7	57653459	57653460	-	ENSG00000233962
chr7	57652875	57652876	+	ENSG00000236261
chr7	57654822	57654823	+	ENSG00000234085
chr7	57770946	57770947	-	ENSG00000227015
chr7	57770966	57770967	+	ENSG00000232161
chr7	57773199	57773200	-	ENSG00000230271
chr7	57773183	57773184	+	ENSG00000250923
chr7	57777521	57777522	-	ENSG00000224484
chr7	57818012	57818013	-	ENSG00000236907
chr7	57817996	57817997	+	ENSG00000250618
chr7	57819819	57819820	+	ENSG00000224653
chr7	57820410	57820411	-	ENSG00000223836
chr7	57822201	57822202	+	ENSG00000237236
chr7	57822801	57822802	-	ENSG00000231232
chr7	57828331	57828332	+	ENSG00000231484
chr7	63057453	63057454	+	ENSG00000233454
chr7	63154934	63154935	-	SEPTIN14P1
chr7	63209219	63209220	+	ENSG00000237572
chr7	63234245	63234246	-	PHKG1P1
chr7	63248321	63248322	-	SEPTIN7P4
chr7	63449819	63449820	+	ZNF734P
chr7	63556598	63556599	+	SLC29A4P2
chr7	63585075	63585076	-	TNRC18P2
chr7	63632608	63632609	+	ENSG00000226401
chr7	63699390	63699391	+	ENSG00000226411
chr7	63966124	63966125	-	VN1R36P
chr7	63993904	63993905	+	ENSG00000278577
chr7	64105295	64105296	-	MTND4P2
chr7	64105576	64105577	-	MTND4LP2
chr7	64105995	64105996	-	MTND3P2
chr7	64106819	64106820	-	MTCO3P8
chr7	64107572	64107573	-	MTATP6P18
chr7	64108486	64108487	-	MTCO2P8
chr7	64110147	64110148	-	MTCO1P8
chr7	64111550	64111551	-	MTND2P4
chr7	64112572	64112573	-	MTND1P2
chr7	64355078	64355079	+	TRIM60P18
chr7	64426334	64426335	-	ENSG00000276650
chr7	64768156	64768157	+	ENSG00000277206
chr7	65038372	65038373	+	ENSG00000239985
chr7	65075023	65075024	+	ENSG00000227113
chr7	65084103	65084104	+	GTF2IP14
chr7	65290429	65290430	+	ENSG00000277544
chr7	65554744	65554745	-	ENSG00000235421
chr7	65617082	65617083	+	ENSG00000230386
chr7	65764535	65764536	+	ENSG00000275833
chr7	65773620	65773621	+	GTF2IP5
chr7	66511556	66511557	+	ENSG00000234500
chr7	66848496	66848497	+	ENSG00000232546
chr7	66880708	66880709	+	GTF2IP23
chr7	67308356	67308357	-	ENSG00000228019
chr7	67627831	67627832	+	MTATP6P21
chr7	67628022	67628023	+	MTCO3P41
chr7	68097737	68097738	+	MTCO1P57
chr7	68266859	68266860	-	MTND4P3
chr7	69331378	69331379	-	MTCO2P25
chr7	69333633	69333634	-	MTCO1P25
chr7	72103181	72103182	+	ABCF2P2
chr7	72969814	72969815	+	ENSG00000205584
chr7	73005541	73005542	+	PMS2P7
chr7	73037371	73037372	+	PMS2P8
chr7	73065529	73065530	+	PMS2P14
chr7	73093657	73093658	+	PMS2P6
chr7	73293497	73293498	+	POM121B
chr7	74894116	74894117	+	PMS2P5
chr7	75172044	75172045	-	NCF1C
chr7	76521611	76521612	+	ENSG00000250778
chr7	76524515	76524516	+	ENSG00000230305
chr7	81431731	81431732	+	ENSG00000224134
chr7	92557877	92557878	-	ENSG00000278819
chr7	93914987	93914988	+	ENSG00000278388
chr7	97947998	97947999	-	OR7E7P
chr7	97967074	97967075	-	OR7E38P
chr7	99700034	99700035	-	CYP3A51P
chr7	99820018	99820019	+	CYP3A137P
chr7	99869841	99869842	+	ENSG00000260445
chr7	99872168	99872169	+	CYP3A52P
chr7	99992397	99992398	+	ENSG00000235713
chr7	101203526	101203527	-	DGAT2L7P
chr7	101273322	101273323	+	ENSG00000278683
chr7	101289771	101289772	-	AZGP1P2
chr7	102329530	102329531	-	ENSG00000170409
chr7	102337316	102337317	+	PMS2P12
chr7	102382737	102382738	-	ENSG00000239486
chr7	102690469	102690470	-	RASA4DP
chr7	110215891	110215892	+	ENSG00000278424
chr7	112372647	112372648	+	MTND5P8
chr7	112374250	112374251	-	MTND6P24
chr7	112374324	112374325	+	MTCYBP24
chr7	128533652	128533653	+	ENSG00000280828
chr7	128914063	128914064	-	ENSG00000224163
chr7	142760415	142760416	+	PRSS3P1
chr7	143047580	143047581	-	OR9P1P
chr7	143598039	143598040	+	TCAF1P1
chr7	143980905	143980906	+	OR2Q1P
chr7	144077721	144077722	+	OR2A41P
chr7	144119360	144119361	-	OR2A15P
chr7	144142009	144142010	+	OR2A13P
chr7	144176740	144176741	+	OR2AO1P
chr7	144286966	144286967	-	ARHGEF34P
chr7	149277992	149277993	-	ENSG00000271664
chr7	149909704	149909705	-	ENSG00000224016
chr7	150047854	150047855	-	ENSG00000276538
chr7	152590941	152590942	-	ENSG00000231139
chr7	155074599	155074600	+	ENSG00000283339
chr7	155106400	155106401	-	ENSG00000274637
chr7	155106400	155106401	+	ENSG00000228806
chr7	159231435	159231436	+	PIP5K1P2
chr8	200562	200563	-	SEPTIN14P8
chr8	202897	202898	-	ENSG00000253166
chr8	5128233	5128234	-	ENSG00000273876
chr8	5363371	5363372	+	ENSG00000278256
chr8	5716584	5716585	+	ENSG00000275461
chr8	6951599	6951600	-	DEFA8P
chr8	6960161	6960162	-	DEFA9P
chr8	6969113	6969114	-	DEFA10P
chr8	6989721	6989722	-	DEFT1P
chr8	7007389	7007390	-	DEFT1P2
chr8	7029489	7029490	-	DEFA11P
chr8	7039439	7039440	-	DEFA7P
chr8	7221930	7221931	-	ENSG00000284614
chr8	7228073	7228074	-	ENSG00000284728
chr8	7247571	7247572	-	OR7E125P
chr8	7272148	7272149	+	FAM90A4P
chr8	7312846	7312847	+	DEFB109B
chr8	7341826	7341827	+	ENSG00000235778
chr8	7373114	7373115	+	DEFB108C
chr8	7525143	7525144	+	ENSG00000285659
chr8	7544676	7544677	+	ENSG00000285927
chr8	7552062	7552063	-	FAM90A6P
chr8	7567360	7567361	-	FAM90A21P
chr8	7592006	7592007	+	OR7E157P
chr8	7611473	7611474	+	ENSG00000284617
chr8	7680526	7680527	-	ENSG00000284655
chr8	7686643	7686644	-	ENSG00000284698
chr8	7706113	7706114	-	OR7E154P
chr8	7776365	7776366	-	ENSG00000285862
chr8	7795870	7795871	-	PRR23D3P
chr8	7938770	7938771	-	DEFB108A
chr8	7968544	7968545	-	ENSG00000255211
chr8	7997521	7997522	-	DEFB109C
chr8	8039978	8039979	+	OR7E96P
chr8	9658438	9658439	-	ENSG00000253697
chr8	10475045	10475046	-	PRSS52P
chr8	11282501	11282502	-	ENSG00000249316
chr8	11896870	11896871	-	ENSG00000255144
chr8	11920809	11920810	-	OR7E158P
chr8	12034612	12034613	-	ENSG00000254817
chr8	12099536	12099537	-	DEFB108D
chr8	12175771	12175772	-	FAM90A2P
chr8	12178697	12178698	+	ALG1L11P
chr8	12296180	12296181	-	DEFB131D
chr8	12345776	12345777	-	DEFB108E
chr8	12356136	12356137	+	ZNF705CP
chr8	12400366	12400367	-	DEFB109A
chr8	12418090	12418091	-	FAM90A25P
chr8	12421032	12421033	+	ALG1L12P
chr8	12685153	12685154	-	OR7E8P
chr8	12697273	12697274	-	OR7E15P
chr8	12704056	12704057	-	OR7E10P
chr8	12958387	12958388	+	ENSG00000251468
chr8	17469518	17469519	+	ADAM24P
chr8	17596378	17596379	-	ENSG00000277466
chr8	18370607	18370608	+	NATP
chr8	18849258	18849259	+	ENSG00000283402
chr8	19237737	19237738	+	ENSG00000250316
chr8	20551201	20551202	+	ENSG00000253178
chr8	21797460	21797461	+	OR6R2P
chr8	22390655	22390656	-	ENSG00000241026
chr8	27010486	27010487	+	ENSG00000275115
chr8	27903495	27903496	-	ENSG00000253290
chr8	27903566	27903567	+	ENSG00000253615
chr8	36278886	36278887	-	MTCYBP19
chr8	36278960	36278961	+	MTND6P19
chr8	36279696	36279697	-	MTND5P41
chr8	43253732	43253733	+	ENSG00000253186
chr8	43442902	43442903	+	ENSG00000250637
chr8	43539973	43539974	+	CYP4F44P
chr8	43542076	43542077	+	ENSG00000253195
chr8	46549089	46549090	+	HSPA8P13
chr8	46697630	46697631	+	ASNSP4
chr8	46827894	46827895	-	MTND2P38
chr8	46828413	46828414	-	MTND1P7
chr8	47198861	47198862	-	ENSG00000248347
chr8	47164870	47164871	+	NDUFA5P12
chr8	47547926	47547927	-	ENSG00000251354
chr8	54467208	54467209	+	ENSG00000274310
chr8	59893942	59893943	-	ENSG00000278428
chr8	63138084	63138085	-	TARDBPP4
chr8	67135911	67135912	-	ENSG00000250869
chr8	72251565	72251566	-	ENSG00000250979
chr8	72661470	72661471	-	ENSG00000278193
chr8	73831143	73831144	+	ENSG00000253273
chr8	73915010	73915011	-	GYG1P1
chr8	81635662	81635663	-	SLC10A5P1
chr8	84164564	84164565	-	ENSG00000253362
chr8	84829479	84829480	-	ENSG00000248978
chr8	87867601	87867602	+	ENSG00000273978
chr8	89826593	89826594	+	ENSG00000275103
chr8	93974776	93974777	-	ENSG00000275386
chr8	101367005	101367006	-	DUXAP2
chr8	102242619	102242620	-	SUMO2P19
chr8	106215763	106215764	+	SLC16A14P1
chr8	106981571	106981572	-	ENSG00000275905
chr8	117524061	117524062	-	RPS10P16
chr8	133946677	133946678	+	ENSG00000277576
chr8	137425021	137425022	-	ZYXP1
chr8	139508971	139508972	-	ENSG00000275078
chr8	142806142	142806143	-	ENSG00000283686
chr9	12134	12135	+	DDX11L5
chr9	5091093	5091094	+	MTND6P5
chr9	5094139	5094140	+	MTND1P11
chr9	5096666	5096667	+	MTCO1P11
chr9	5098341	5098342	+	MTCO2P11
chr9	5099560	5099561	+	MTATP6P11
chr9	5100236	5100237	+	MTCO3P11
chr9	5107937	5107938	+	MTND4P14
chr9	5109496	5109497	+	MTND5P14
chr9	11618621	11618622	-	ENSG00000275130
chr9	14993312	14993313	+	ENSG00000215237
chr9	19895973	19895974	-	ENSG00000276667
chr9	21179188	21179189	-	IFNWP15
chr9	21191244	21191245	-	IFNWP9
chr9	21209779	21209780	-	IFNWP18
chr9	21231853	21231854	-	IFNWP5
chr9	21278619	21278620	-	IFNA22P
chr9	21321300	21321301	+	IFNA20P
chr9	21399139	21399140	-	IFNA11P
chr9	21403081	21403082	+	IFNA12P
chr9	21420234	21420235	+	IFNWP2
chr9	21455484	21455485	+	IFNWP19
chr9	23955760	23955761	+	ENSG00000277608
chr9	30671966	30671967	-	CDRT15P5
chr9	31505280	31505281	+	MTATP6P30
chr9	31505946	31505947	+	MTCO3P30
chr9	32869595	32869596	-	ENSG00000236796
chr9	33510711	33510712	-	SUGT1P1
chr9	33614009	33614010	-	PRSS3P4
chr9	35992285	35992286	-	OR13C6P
chr9	36021692	36021693	+	OR2AM1P
chr9	40121962	40121963	+	CDRT15P14
chr9	40167392	40167393	+	ENSG00000283211
chr9	40193921	40193922	-	MEP1AP1
chr9	40293082	40293083	+	SNX18P8
chr9	40333460	40333461	-	ENSG00000224681
chr9	40497592	40497593	-	AQP7P5
chr9	40497591	40497592	-	ENSG00000274067
chr9	40767875	40767876	-	ENSG00000276963
chr9	42625436	42625437	+	FGF7P5
chr9	42668887	42668888	-	FGF7P4
chr9	42823213	42823214	-	MEP1AP4
chr9	42923277	42923278	+	SNX18P5
chr9	42950566	42950567	+	CYP4F60P
chr9	43125905	43125906	-	ENSG00000277737
chr9	61113954	61113955	-	ENSG00000283541
chr9	61581813	61581814	+	ENSG00000277109
chr9	61945136	61945137	-	ENSG00000276845
chr9	62395678	62395679	-	ENSG00000226429
chr9	62476333	62476334	-	FGF7P7
chr9	62559839	62559840	+	CNTNAP3P5
chr9	62888535	62888536	+	FGF7P8
chr9	62924911	62924912	+	CNTNAP3P1
chr9	63025597	63025598	+	ENSG00000244081
chr9	63055641	63055642	+	BMS1P9
chr9	63127359	63127360	+	AQP7P4
chr9	63333091	63333092	-	AQP7P1
chr9	63818462	63818463	-	DUX4L50
chr9	63859641	63859642	-	FRG1JP
chr9	64004155	64004156	-	ENSG00000204790
chr9	64071909	64071910	+	ENSG00000288694
chr9	64637586	64637587	-	AQP7P2
chr9	64709311	64709312	-	BMS1P11
chr9	64817870	64817871	+	ENSG00000197550
chr9	64889063	64889064	-	ENSG00000223602
chr9	65193610	65193611	-	BMS1P12
chr9	65323015	65323016	-	CBWD4P
chr9	65652679	65652680	-	FRG1KP
chr9	65828120	65828121	+	BMS1P13
chr9	65878766	65878767	+	AQP7P3
chr9	66182326	66182327	+	ENSG00000284611
chr9	66208833	66208834	-	ENSG00000284658
chr9	66254464	66254465	-	CDRT15P12
chr9	66979460	66979461	+	ENSG00000274820
chr9	67059560	67059561	+	CNTNAP3P2
chr9	73042745	73042746	+	CYP1D1P
chr9	78742744	78742745	-	MTND2P8
chr9	80564630	80564631	-	MTCO1P51
chr9	80565962	80565963	-	MTND2P9
chr9	81966564	81966565	+	SPATA31D2P
chr9	82063682	82063683	-	SPATA31B1P
chr9	85753306	85753307	+	ENSG00000234424
chr9	87821803	87821804	-	ENSG00000276478
chr9	87844154	87844155	+	CTSLP8
chr9	90216039	90216040	+	OR7E31P
chr9	90232185	90232186	+	OR7E116P
chr9	90743380	90743381	-	OR7E109P
chr9	90752230	90752231	-	OR7E108P
chr9	92108858	92108859	+	MTATP6P29
chr9	92109013	92109014	+	MTCO3P29
chr9	92110168	92110169	+	MTND3P23
chr9	92110575	92110576	+	MTND4LP7
chr9	92110865	92110866	+	MTND4P15
chr9	92132398	92132399	+	ENSG00000234537
chr9	92157445	92157446	-	ENSG00000236717
chr9	92539184	92539185	-	ENSG00000225551
chr9	92841688	92841689	-	ENSG00000275318
chr9	92913156	92913157	+	ALOX15P2
chr9	94496275	94496276	+	ENSG00000224245
chr9	97221235	97221236	-	ANKRD18CP
chr9	97238645	97238646	+	SUGT1P4
chr9	97396112	97396113	-	ENSG00000228957
chr9	104590044	104590045	+	OR13D2P
chr9	104629754	104629755	+	OR13I1P
chr9	104722335	104722336	+	OR13D3P
chr9	109300186	109300187	+	MTND2P11
chr9	112582590	112582591	-	ENSG00000250068
chr9	113060507	113060508	-	ENSG00000285115
chr9	113065956	113065957	-	ENSG00000284763
chr9	113071404	113071405	-	ENSG00000284962
chr9	113076850	113076851	-	ENSG00000285076
chr9	113082292	113082293	-	ENSG00000284867
chr9	113087738	113087739	-	ENSG00000285370
chr9	122607864	122607865	+	OR1H1P
chr9	131370933	131370934	+	ENSG00000285287
chr9	133228591	133228592	-	LCN1P1
chr9	133317794	133317795	+	LCN1P2
chr9	134868236	134868237	+	ENSG00000232355
chr9	136729855	136729856	-	ENSG00000274356
chr9	138129399	138129400	+	ENSG00000276388
chr9	138137095	138137096	+	IL9RP1
chr9	138179774	138179775	-	ENSG00000278130
chr9	138286248	138286249	+	ENSG00000250210
chr9	138319898	138319899	+	OR4F8BP
chr10	44712	44713	+	ENSG00000237297
chr10	86265	86266	-	IL9RP2
chr10	148751	148752	-	ENSG00000276662
chr10	4891975	4891976	-	AKR1C6P
chr10	5135226	5135227	-	AKR1C5P
chr10	14987515	14987516	-	OR7E110P
chr10	15000055	15000056	-	OR7E26P
chr10	15008884	15008885	-	OR7E115P
chr10	15021863	15021864	-	DCLRE1CP1
chr10	21452197	21452198	+	ENSG00000278650
chr10	25244854	25244855	-	ENSG00000274242
chr10	27313723	27313724	+	ENSG00000278830
chr10	27341252	27341253	-	ENSG00000215409
chr10	29422012	29422013	-	PTCHD3P1
chr10	30353706	30353707	+	DNM1P17
chr10	30374386	30374387	-	GOLGA2P6
chr10	31364049	31364050	-	ENSG00000285781
chr10	31628599	31628600	-	ENSG00000231855
chr10	37523011	37523012	+	TACC1P1
chr10	37883594	37883595	+	ZNF37CP
chr10	38068694	38068695	-	ENSG00000275675
chr10	38601418	38601419	+	ABCD1P2
chr10	38689068	38689069	-	SLC9B1P3
chr10	38713195	38713196	+	CHEK2P5
chr10	42578500	42578501	+	ENSG00000277479
chr10	42579724	42579725	+	ENSG00000272319
chr10	42583241	42583242	+	ENSG00000272387
chr10	42714575	42714576	-	CUBNP1
chr10	42725857	42725858	+	RSU1P1
chr10	42748687	42748688	-	DUXAP3
chr10	43523256	43523257	+	ENSG00000236114
chr10	45127318	45127319	+	CUBNP3
chr10	45156775	45156776	+	ANKRD30BP3
chr10	45180400	45180401	+	ENSG00000275312
chr10	45198323	45198324	-	ENSG00000278531
chr10	45247361	45247362	-	CUBNP2
chr10	45678692	45678693	+	AGAP10P
chr10	46109621	46109622	+	AGAP7P
chr10	46273557	46273558	-	ANTXRLP1
chr10	46337224	46337225	+	AGAP14P
chr10	46816516	46816517	+	AGAP13P
chr10	47563604	47563605	+	ENSG00000265630
chr10	47582321	47582322	-	CTSLP2
chr10	47689707	47689708	+	SHLD2P3
chr10	50676743	50676744	+	NUTM2HP
chr10	50708906	50708907	-	CTSLP4
chr10	66837457	66837458	+	ENSG00000277056
chr10	72483245	72483246	+	SNX19P4
chr10	77738246	77738247	+	ENSG00000277981
chr10	79584877	79584878	-	MBL3P
chr10	79873903	79873904	-	CTSLP6
chr10	80017911	80017912	-	ENSG00000229616
chr10	80233664	80233665	+	ENSG00000234382
chr10	87216173	87216174	-	ENSG00000285257
chr10	87390203	87390204	-	CTSLP1
chr10	88259372	88259373	-	ENSG00000275015
chr10	89362294	89362295	+	IFIT6P
chr10	91896704	91896705	+	ENSG00000273497
chr10	95007556	95007557	-	CYP2C59P
chr10	95009674	95009675	+	CYP2C60P
chr10	95173187	95173188	-	ENSG00000274691
chr10	116577308	116577309	+	PNLIPP1
chr10	120434983	120434984	+	ENSG00000234522
chr10	122657498	122657499	+	ENSG00000286114
chr10	125473932	125473933	-	RPS27P18
chr10	130286604	130286605	-	ENSG00000276375
chr10	133431318	133431319	-	OR6L2P
chr10	133481238	133481239	+	OR7M1P
chr10	133576031	133576032	-	OR6L1P
chr10	133660635	133660636	-	CLUHP5
chr10	133664429	133664430	+	DUX4L28
chr10	133667151	133667152	+	DUX4L25
chr10	133670450	133670451	+	DUX4L24
chr10	133673749	133673750	+	DUX4L23
chr10	133677059	133677060	+	DUX4L22
chr10	133680369	133680370	+	DUX4L21
chr10	133683668	133683669	+	DUX4L20
chr10	133740606	133740607	+	DUX4L29
chr10	133743332	133743333	+	DUX4L10
chr10	133746641	133746642	+	DUX4L11
chr10	133749950	133749951	+	DUX4L12
chr10	133753250	133753251	+	DUX4L13
chr10	133756559	133756560	+	DUX4L14
chr10	133759859	133759860	+	DUX4L15
chr11	75780	75781	+	WBP1LP10
chr11	87586	87587	-	OR4F2P
chr11	3391752	3391753	-	OR7E12P
chr11	3422496	3422497	-	FAM86GP
chr11	3600706	3600707	-	OR7E117P
chr11	4515924	4515925	-	OR52M2P
chr11	4718612	4718613	+	OR51C4P
chr11	4737078	4737079	-	OR51F3P
chr11	4752944	4752945	-	OR51F4P
chr11	4786754	4786755	+	OR51N1P
chr11	4795284	4795285	-	OR52Y1P
chr11	4890596	4890597	-	OR51A6P
chr11	4938294	4938295	-	OR51A3P
chr11	4973884	4973885	-	OR51A5P
chr11	5015138	5015139	+	OR51P1P
chr11	5037013	5037014	+	OR52J2P
chr11	5077066	5077067	-	OR52S1P
chr11	5092676	5092677	+	OR52E3P
chr11	5104153	5104154	+	OR52J1P
chr11	5171296	5171297	-	OR51A1P
chr11	5178664	5178665	-	OR52Z1P
chr11	5292380	5292381	-	OR51AB1P
chr11	5315684	5315685	-	OR51B3P
chr11	5331360	5331361	-	OR51B8P
chr11	5402597	5402598	+	OR51J1
chr11	5431602	5431603	-	OR51K1P
chr11	5528174	5528175	-	OR52V1P
chr11	5567616	5567617	-	OR52T1P
chr11	5719290	5719291	+	OR52U1P
chr11	5800364	5800365	+	OR52N3P
chr11	5873960	5873961	+	OR52E7P
chr11	5903767	5903768	+	OR52Q1P
chr11	6046747	6046748	-	OR56A7P
chr11	6058275	6058276	-	OR52L2P
chr11	6128610	6128611	+	OR56B3P
chr11	6152549	6152550	-	OR52B1P
chr11	7745990	7745991	+	OR5P4P
chr11	7773814	7773815	-	OR5P1P
chr11	7848700	7848701	+	OR5E1P
chr11	7950672	7950673	-	ENSG00000289714
chr11	13488612	13488613	+	ENSG00000255401
chr11	14907518	14907519	+	CALCP
chr11	14988694	14988695	-	OR7E41P
chr11	18864509	18864510	-	MRGPRX7P
chr11	18887920	18887921	-	MRGPRX6P
chr11	18911396	18911397	-	MRGPRX5P
chr11	18957015	18957016	-	MRGPRX11P
chr11	18972703	18972704	-	MRGPRX10P
chr11	19030438	19030439	-	MRGPRX9P
chr11	28986635	28986636	+	OR2BH1P
chr11	47323983	47323984	+	ENSG00000283338
chr11	48227429	48227430	+	OR4B2P
chr11	48352447	48352448	-	OR4C4P
chr11	48420210	48420211	+	OR4C2P
chr11	48433147	48433148	-	OR4C10P
chr11	48464977	48464978	-	OR4C9P
chr11	48486825	48486826	-	OR4R1P
chr11	48492026	48492027	+	OR4A48P
chr11	48496348	48496349	+	OR4A46P
chr11	48512273	48512274	+	OR4A40P
chr11	48526064	48526065	+	OR4A43P
chr11	48579436	48579437	+	OR4A45P
chr11	48589760	48589761	+	OR4A41P
chr11	48610063	48610064	+	OR4A42P
chr11	48627546	48627547	+	OR4A44P
chr11	48880111	48880112	+	ENSG00000255551
chr11	48902181	48902182	-	ENSG00000254728
chr11	48893256	48893257	+	ENSG00000254920
chr11	48907103	48907104	+	ENSG00000255527
chr11	48945694	48945695	+	TRIM51CP
chr11	48959928	48959929	+	ENSG00000254517
chr11	48991881	48991882	-	TRIM53CP
chr11	49067610	49067611	+	ENSG00000276637
chr11	49124570	49124571	-	TRIM77BP
chr11	49415789	49415790	-	TYRL
chr11	49817778	49817779	+	ENSG00000254487
chr11	49826724	49826725	-	ENSG00000255268
chr11	49839320	49839321	-	TRIM51FP
chr11	49846533	49846534	-	ENSG00000265973
chr11	49859402	49859403	-	ENSG00000255550
chr11	49874067	49874068	-	ENSG00000255214
chr11	49899186	49899187	-	OR4A1P
chr11	49915644	49915645	-	OR4A49P
chr11	49918478	49918479	-	OR4A18P
chr11	49921414	49921415	-	OR4A19P
chr11	49923049	49923050	+	OR4R3P
chr11	50018798	50018799	+	OR4C48P
chr11	50054309	50054310	-	OR4C49P
chr11	50102898	50102899	-	GTF2IP11
chr11	50170156	50170157	+	ENSG00000255442
chr11	50247761	50247762	-	PHKG1P3
chr11	50409042	50409043	+	ENSG00000214883
chr11	54591480	54591481	+	OR4C50P
chr11	54635955	54635956	-	OR4C7P
chr11	54657716	54657717	-	OR4R2P
chr11	54659667	54659668	+	OR4A4P
chr11	54662580	54662581	+	OR4A3P
chr11	54667298	54667299	+	OR4A2P
chr11	54692450	54692451	+	OR4A7P
chr11	54724847	54724848	+	OR4A6P
chr11	55284749	55284750	-	ENSG00000255283
chr11	55279949	55279950	+	ENSG00000255110
chr11	55305060	55305061	-	ENSG00000254828
chr11	55318560	55318561	+	OR4A11P
chr11	55325756	55325757	+	OR4A12P
chr11	55388529	55388530	+	OR4A9P
chr11	55411526	55411527	+	OR4X7P
chr11	55430478	55430479	+	OR4A10P
chr11	55444435	55444436	+	OR4A17P
chr11	55466771	55466772	+	OR4A13P
chr11	55475943	55475944	+	OR4A50P
chr11	55491205	55491206	+	OR4A21P
chr11	55537002	55537003	+	OR4C14P
chr11	55673536	55673537	+	OR4V1P
chr11	55683239	55683240	+	OR4P1P
chr11	55714799	55714800	+	OR5D2P
chr11	55754977	55754978	+	OR5D17P
chr11	55786964	55786965	+	OR5D15P
chr11	55863932	55863933	+	ENSG00000255204
chr11	55874537	55874538	-	ENSG00000254547
chr11	55904278	55904279	-	OR5W1P
chr11	55948924	55948925	-	OR10AF1P
chr11	55957630	55957631	-	OR10AK1P
chr11	55980103	55980104	-	OR7E5P
chr11	56015957	56015958	-	OR5F2P
chr11	56071111	56071112	+	OR5J1P
chr11	56097384	56097385	-	OR8I4P
chr11	56117256	56117257	-	OR5BN2P
chr11	56133494	56133495	-	OR5BN1P
chr11	56143387	56143388	-	OR8K4P
chr11	56165500	56165501	+	OR5J7P
chr11	56189251	56189252	-	OR8V1P
chr11	56297471	56297472	-	OR8I1P
chr11	56332488	56332489	-	FAM8A2P
chr11	56335142	56335143	+	OR8K2P
chr11	56381635	56381636	+	OR8L1P
chr11	56393729	56393730	+	OR5AL2P
chr11	56448668	56448669	+	OR5M4P
chr11	56501271	56501272	-	OR5M7P
chr11	56513171	56513172	-	OR5M6P
chr11	56527503	56527504	-	OR5M5P
chr11	56598362	56598363	-	OR5M13P
chr11	56620810	56620811	-	OR5AM1P
chr11	56628932	56628933	+	OR5M12P
chr11	56634103	56634104	-	OR5AP1P
chr11	56740179	56740180	+	OR9G3P
chr11	56750435	56750436	-	ENSG00000286704
chr11	56751902	56751903	-	OR9G2P
chr11	56776206	56776207	-	OR5G1P
chr11	56790965	56790966	-	OR5G4P
chr11	56890613	56890614	+	FADS2B
chr11	57018100	57018101	+	OR5AK1P
chr11	57029408	57029409	+	OR5BQ1P
chr11	57037534	57037535	+	OR5AK4P
chr11	57045091	57045092	+	OR5AO1P
chr11	57055587	57055588	+	OR5BP1P
chr11	57918239	57918240	-	OR5AZ1P
chr11	57946414	57946415	-	OR5BD1P
chr11	58078603	58078604	-	OR9L1P
chr11	58109661	58109662	-	OR9I3P
chr11	58144495	58144496	+	OR9I2P
chr11	58171098	58171099	+	OR5BL1P
chr11	58292765	58292766	-	OR10Q2P
chr11	58318375	58318376	-	OR5BC1P
chr11	58344664	58344665	-	OR5B19P
chr11	58349630	58349631	-	OR5B10P
chr11	58366763	58366764	-	OR5B1P
chr11	58388486	58388487	-	OR5B15P
chr11	58761053	58761054	-	ENSG00000254926
chr11	58978787	58978788	+	GLYATL1P1
chr11	58999689	58999690	-	ENSG00000254786
chr11	59042737	59042738	+	GLYATL1P4
chr11	59255360	59255361	+	WARS1P1
chr11	59310576	59310577	-	OR5AN2P
chr11	59334086	59334087	-	OR5BR1P
chr11	59392292	59392293	-	OR5BB1P
chr11	59491652	59491653	+	OR4D8P
chr11	59531754	59531755	+	OR4D7P
chr11	59728519	59728520	+	OR10Y1P
chr11	59741325	59741326	+	OR10V3P
chr11	59748811	59748812	+	OR10V2P
chr11	60577856	60577857	+	MS4A19P
chr11	63266256	63266257	-	ENSG00000256181
chr11	64531044	64531045	+	ENSG00000237363
chr11	67538899	67538900	+	ENSG00000283257
chr11	67716005	67716006	-	UNC93B5
chr11	67723455	67723456	-	OR7E145P
chr11	67785273	67785274	+	ALG1L8P
chr11	67873367	67873368	-	ENPP7P7
chr11	67975243	67975244	-	OR7E1P
chr11	71593454	71593455	+	OR7E87P
chr11	71620020	71620021	+	OR7E4P
chr11	71639551	71639552	+	ENSG00000284625
chr11	71893410	71893411	+	OR7E128P
chr11	71903194	71903195	+	OR7E126P
chr11	72158822	72158823	+	FOLR1P1
chr11	72172455	72172456	+	ENSG00000255860
chr11	72478221	72478222	+	ART2BP
chr11	72519986	72519987	+	ART2P
chr11	73248779	73248780	+	OR8R1P
chr11	75131880	75131881	-	OR2AT1P
chr11	81556425	81556426	-	MTND6P25
chr11	83815263	83815264	-	LDHAL6DP
chr11	86833449	86833450	-	OR7E13P
chr11	86857947	86857948	-	OR7E2P
chr11	89727253	89727254	-	ENSG00000255486
chr11	89768836	89768837	-	ENSG00000204456
chr11	89785945	89785946	+	ENSG00000255162
chr11	89820082	89820083	+	ENSG00000250946
chr11	89841997	89841998	+	TRIM53BP
chr11	89854953	89854954	+	TRIM51BP
chr11	89865550	89865551	-	ENSG00000254558
chr11	89886213	89886214	-	ENSG00000255235
chr11	89887366	89887367	+	ENSG00000254617
chr11	89900449	89900450	-	ENSG00000254785
chr11	89944035	89944036	+	ENSG00000254818
chr11	89957165	89957166	-	ENSG00000255360
chr11	89978540	89978541	+	ENSG00000255305
chr11	89989559	89989560	-	TRIM51EP
chr11	89999741	89999742	-	TRIM53AP
chr11	90024511	90024512	-	ENSG00000255184
chr11	90053736	90053737	-	ENSG00000254916
chr11	90062999	90063000	-	TRIM64EP
chr11	90071136	90071137	+	ENSG00000255011
chr11	95011858	95011859	+	ENSG00000255653
chr11	95030549	95030550	+	ENSG00000274486
chr11	95040411	95040412	+	ENSG00000257012
chr11	95057282	95057283	+	ENSG00000277984
chr11	101769961	101769962	-	PLS1P1
chr11	102966628	102966629	-	ENSG00000276521
chr11	104873264	104873265	+	ENSG00000254569
chr11	104976116	104976117	-	ENSG00000284715
chr11	105055666	105055667	-	ENSG00000288255
chr11	105071541	105071542	-	CASP1P2
chr11	105123339	105123340	-	CASP1P1
chr11	105194946	105194947	-	OR2AL1P
chr11	105247060	105247061	-	ENSG00000255336
chr11	106824025	106824026	+	ENSG00000274584
chr11	107643871	107643872	-	ENSG00000254758
chr11	117135528	117135529	+	ENSG00000254851
chr11	118690599	118690600	-	TREHP1
chr11	123862521	123862522	-	OR6M3P
chr11	124009655	124009656	+	OR10G5P
chr11	124054793	124054794	+	OR10D5P
chr11	124094532	124094533	-	OR10D4P
chr11	124158421	124158422	+	OR10D1P
chr11	124207183	124207184	+	OR8F1P
chr11	124238420	124238421	+	OR8G7P
chr11	124325789	124325790	-	OR8B7P
chr11	124339662	124339663	-	OR8B6P
chr11	124358469	124358470	-	OR8B5P
chr11	124377801	124377802	-	OR8C1P
chr11	124405102	124405103	-	OR8X1P
chr11	124460534	124460535	+	OR8A2P
chr11	124517242	124517243	-	OR8B10P
chr11	124531625	124531626	+	OR8A3P
chr11	124539334	124539335	-	ENSG00000254937
chr11	124601584	124601585	+	OR8Q1P
chr12	12310	12311	+	DDX11L8
chr12	32015	32016	-	WASH8P
chr12	7647086	7647087	-	ENSG00000285142
chr12	7995084	7995085	-	ENSG00000240739
chr12	8227734	8227735	+	ALG1L10P
chr12	8308855	8308856	-	ENPP7P5
chr12	8415805	8415806	-	OR7E140P
chr12	8428610	8428611	-	OR7E148P
chr12	8438425	8438426	-	OR7E149P
chr12	9277235	9277236	+	ENSG00000111788
chr12	9414851	9414852	-	ENSG00000256673
chr12	9415641	9415642	+	ENSG00000278635
chr12	9448229	9448230	-	DDX12P
chr12	10040848	10040849	+	ENSG00000256626
chr12	10832016	10832017	-	ENSG00000256651
chr12	10965352	10965353	-	TAS2R15P
chr12	11049256	11049257	-	TAS2R63P
chr12	11159694	11159695	-	ENSG00000256981
chr12	11196996	11196997	-	ENSG00000256657
chr12	11521686	11521687	-	ENSG00000274551
chr12	27121910	27121911	+	ENSG00000256625
chr12	27594039	27594040	-	ENSG00000256056
chr12	27935749	27935750	-	ENSG00000256378
chr12	30454919	30454920	+	ENSG00000258202
chr12	31106830	31106831	-	ENSG00000270926
chr12	34162477	34162478	+	ENSG00000256986
chr12	34166954	34166955	-	TUBB8P4
chr12	37575587	37575588	+	ZNF970P
chr12	38082046	38082047	+	CLUHP8
chr12	38201566	38201567	+	TUBB8P5
chr12	38206009	38206010	-	ENSG00000257292
chr12	38207192	38207193	-	NF1P12
chr12	38996882	38996883	-	ENSG00000257586
chr12	39059933	39059934	-	ENSG00000257237
chr12	41699182	41699183	-	MTND2P17
chr12	41700251	41700252	-	MTND1P24
chr12	46592573	46592574	+	OR7A19P
chr12	48333901	48333902	-	ENSG00000258273
chr12	48356614	48356615	-	OR5BK1P
chr12	48386265	48386266	-	OR5BT1P
chr12	48395392	48395393	-	OR5BJ1P
chr12	48417337	48417338	-	OR8S21P
chr12	48442947	48442948	-	OR8T1P
chr12	52263948	52263949	+	ENSG00000284883
chr12	52421867	52421868	-	KRT90P
chr12	52634456	52634457	-	KRT128P
chr12	52721655	52721656	-	KRT126P
chr12	52736142	52736143	-	KRT125P
chr12	52748308	52748309	-	ENSG00000257343
chr12	52753821	52753822	-	KRT127P
chr12	55158847	55158848	+	OR9R1P
chr12	55194786	55194787	-	OR10U1P
chr12	55262539	55262540	+	OR6C69P
chr12	55283750	55283751	+	OR6C72P
chr12	55311835	55311836	+	OR6C5P
chr12	55342841	55342842	+	OR6C7P
chr12	55396340	55396341	+	OR6C73P
chr12	55522593	55522594	+	OR6C64P
chr12	55646663	55646664	-	OR10AE3P
chr12	56855694	56855695	+	ENSG00000258816
chr12	56985960	56985961	-	ENSG00000278399
chr12	101066734	101066735	+	SNX5P2
chr12	103506174	103506175	-	ENSG00000257994
chr12	107880581	107880582	+	ENSG00000257951
chr12	107887730	107887731	+	ENSG00000257392
chr12	107899638	107899639	+	ENSG00000257426
chr12	127319986	127319987	-	ENSG00000256496
chr12	127624153	127624154	+	ENSG00000257035
chr12	128439206	128439207	-	ENSG00000256630
chr12	128945203	128945204	-	ENSG00000255838
chr12	129013336	129013337	+	NLRP9P1
chr12	131293176	131293177	-	RPS6P20
chr13	18178465	18178466	-	ENSG00000279924
chr13	18270822	18270823	-	GGT4P
chr13	18309934	18309935	-	IGSF3P1
chr13	18331933	18331934	+	ENSG00000279231
chr13	18485448	18485449	-	ZNF962P
chr13	18742718	18742719	-	CYP4F34P
chr13	18871967	18871968	-	ANKRD20A9P
chr13	19019336	19019337	-	USP24P1
chr13	19032626	19032627	-	GTF2IP3
chr13	19126399	19126400	+	CENPIP1
chr13	19152307	19152308	-	ENSG00000234894
chr13	19171194	19171195	-	SMPD4P2
chr13	19172773	19172774	+	ENSG00000278337
chr13	19227432	19227433	-	PSPC1P1
chr13	19344973	19344974	-	ANKRD26P3
chr13	19349137	19349138	+	PARP4P2
chr13	19411231	19411232	+	SLC25A15P2
chr13	19570288	19570289	-	MRPS31P2
chr13	24742677	24742678	+	IRX1P1
chr13	24933006	24933007	+	ENSG00000273628
chr13	24943575	24943576	+	SLC25A15P3
chr13	25017903	25017904	-	ENSG00000276958
chr13	26154175	26154176	-	ATP8A2P3
chr13	27077218	27077219	+	ENSG00000278496
chr13	28778448	28778449	-	ENSG00000277227
chr13	31483699	31483700	-	ENSG00000277319
chr13	34262863	34262864	+	ENSG00000278477
chr13	37139585	37139586	-	ENSG00000274549
chr13	38936199	38936200	-	ANKRD26P2
chr13	41432201	41432202	-	OR7E36P
chr13	41440847	41440848	-	OR7E155P
chr13	41442770	41442771	+	OR7E37P
chr13	45124143	45124144	-	ENSG00000277358
chr13	46460609	46460610	+	OR7E101P
chr13	49232874	49232875	+	ENSG00000274351
chr13	53409876	53409877	-	ZNF646P1
chr13	57173453	57173454	+	PRR20FP
chr13	58377513	58377514	+	ENSG00000276208
chr13	60322591	60322592	+	ENSG00000277549
chr13	62397645	62397646	+	ENSG00000276586
chr13	67902208	67902209	+	OR7E111P
chr13	67910986	67910987	+	OR7E33P
chr13	70564437	70564438	-	ENSG00000276841
chr13	77662626	77662627	-	ENSG00000285746
chr13	85837532	85837533	-	ENSG00000278580
chr13	86266926	86266927	-	ENSG00000283371
chr13	111182692	111182693	-	ENSG00000274614
chr14	18631388	18631389	+	ENSG00000257644
chr14	18909673	18909674	-	NF1P7
chr14	19180291	19180292	+	OR11H13P
chr14	19220912	19220913	-	ENSG00000277252
chr14	19229945	19229946	-	CDRT15P13
chr14	19683677	19683678	-	ENSG00000257493
chr14	19700650	19700651	-	ENSG00000257142
chr14	19734302	19734303	-	OR11K2P
chr14	19759868	19759869	+	OR4H12P
chr14	19796345	19796346	+	OR4N1P
chr14	19847367	19847368	+	OR4K6P
chr14	19905917	19905918	+	OR4K4P
chr14	20043916	20043917	+	OR4U1P
chr14	20093353	20093354	+	OR4T1P
chr14	20179189	20179190	+	OR11G1P
chr14	20184298	20184299	-	OR11P1P
chr14	20734578	20734579	+	EDDM3DP
chr14	21602825	21602826	-	OR10G1P
chr14	21699151	21699152	-	ENSG00000256350
chr14	22702143	22702144	+	OR6E1P
chr14	23767662	23767663	+	ENSG00000270618
chr14	23827396	23827397	-	ENSG00000258887
chr14	25357764	25357765	+	OR7K1P
chr14	32484800	32484801	-	MTCO1P2
chr14	36534538	36534539	-	PHKBP2
chr14	49601124	49601125	-	ENSG00000278009
chr14	51756996	51756997	+	OR7E105P
chr14	51764076	51764077	-	OR7E106P
chr14	51772086	51772087	-	OR7E159P
chr14	51787461	51787462	+	ENSG00000259157
chr14	55546674	55546675	+	ABI1P1
chr14	60400013	60400014	-	GNRHR2P1
chr14	62152258	62152259	-	ENSG00000270852
chr14	68114144	68114145	-	ENSG00000274666
chr14	68861762	68861763	+	MAGOH3P
chr14	68869951	68869952	-	BLZF2P
chr14	70230224	70230225	+	ENSG00000274330
chr14	70556206	70556207	+	ENSG00000274397
chr14	81001786	81001787	-	RPL17P3
chr14	91554410	91554411	+	ENSG00000278342
chr14	95199039	95199040	+	ENSG00000258615
chr14	95201278	95201279	+	ENSG00000287111
chr14	105112863	105112864	-	ENSG00000258154
chr14	105549694	105549695	-	ELK2BP
chr14	106436555	106436556	-	ENSG00000228757
chr15	19878555	19878556	+	ENSG00000215567
chr15	19955602	19955603	-	ENSG00000274347
chr15	20012741	20012742	+	FAM30B
chr15	20153776	20153777	+	BMS1P15
chr15	20277503	20277504	-	RHPN2P1
chr15	20516252	20516253	+	ENSG00000258488
chr15	20549444	20549445	-	MPHOSPH10P4
chr15	20562375	20562376	+	GOLGA8CP
chr15	20599195	20599196	-	SPATA31E2P
chr15	20813299	20813300	+	GRAMD4P5
chr15	20935658	20935659	-	NF1P1
chr15	20960675	20960676	+	OR11J2P
chr15	20970215	20970216	-	OR11J5P
chr15	21019388	21019389	+	FAM30C
chr15	21160305	21160306	+	BMS1P16
chr15	21260147	21260148	-	NBEAP4
chr15	21534404	21534405	+	ENSG00000284834
chr15	21544008	21544009	-	ENSG00000284788
chr15	21575207	21575208	-	ENSG00000279639
chr15	21596526	21596527	-	OR11K1BP
chr15	21614118	21614119	+	OR4H6BP
chr15	21683038	21683039	+	OR4N3BP
chr15	21912590	21912591	-	ZNF519P3
chr15	21946641	21946642	-	NF1P2
chr15	21971706	21971707	+	OR11J7P
chr15	21981245	21981246	-	OR11J6P
chr15	22010529	22010530	-	OR11H3P
chr15	22031846	22031847	-	OR11K1P
chr15	22056709	22056710	+	OR4H6P
chr15	22152897	22152898	-	RPS8P10
chr15	22202734	22202735	-	ENSG00000271507
chr15	22278971	22278972	+	ENSG00000258732
chr15	22360639	22360640	+	ENSG00000274835
chr15	22401208	22401209	+	SPATA31E3P
chr15	22451209	22451210	+	MPHOSPH10P9
chr15	22484840	22484841	-	HERC2P7
chr15	22714342	22714343	+	ENSG00000283273
chr15	23144422	23144423	-	MPHOSPH10P5
chr15	23226391	23226392	-	ENSG00000278552
chr15	23293667	23293668	-	ENSG00000259414
chr15	23341848	23341849	-	MPHOSPH10P6
chr15	23430839	23430840	+	HERC2P6
chr15	26964917	26964918	+	TVP23BP1
chr15	28332237	28332238	+	HERC2P1
chr15	28346490	28346491	+	ENSG00000261561
chr15	28365731	28365732	-	MPHOSPH10P7
chr15	28416449	28416450	+	ENSG00000276928
chr15	28422172	28422173	+	ENSG00000274532
chr15	28444144	28444145	+	ENSG00000284628
chr15	28457783	28457784	-	ENSG00000260159
chr15	28473448	28473449	-	ENSG00000261365
chr15	28495182	28495183	-	ENSG00000274814
chr15	28545912	28545913	+	ENSG00000261041
chr15	28565152	28565153	-	ENSG00000260444
chr15	28579400	28579401	-	HERC2P11
chr15	28682252	28682253	-	ENSG00000254398
chr15	30005205	30005206	+	NCAPGP2
chr15	30102093	30102094	-	DNM1P28
chr15	30153409	30153410	-	DNM1P30
chr15	30154110	30154111	-	ENSG00000261747
chr15	30395146	30395147	+	ENSG00000274966
chr15	30420429	30420430	-	ENSG00000271333
chr15	30507377	30507378	+	MPHOSPH10P3
chr15	30516079	30516080	+	ENSG00000260784
chr15	30571089	30571090	-	DNM1P50
chr15	30791573	30791574	+	GOLGA8UP
chr15	30815271	30815272	+	HERC2P10
chr15	30899480	30899481	+	ENSG00000261628
chr15	31787494	31787495	+	ENSG00000277500
chr15	32384242	32384243	+	ENSG00000288627
chr15	32384937	32384938	+	DNM1P31
chr15	32436503	32436504	+	DNM1P32
chr15	32491586	32491587	-	GOLGA6L23P
chr15	32500346	32500347	-	MPHOSPH10P2
chr15	34409625	34409626	+	ENSG00000261081
chr15	34490571	34490572	-	HNRNPLP2
chr15	34520608	34520609	+	DNM1P5
chr15	34555870	34555871	+	ENSG00000259892
chr15	35774801	35774802	+	ENSG00000259217
chr15	41163162	41163163	+	CIBAR1P1
chr15	41557027	41557028	+	ELOCP2
chr15	43649123	43649124	+	PDIA3P2
chr15	43684339	43684340	-	ENSG00000249839
chr15	44930622	44930623	-	ENSG00000259742
chr15	51930627	51930628	-	ENSG00000259556
chr15	58732188	58732189	+	ENSG00000278513
chr15	60409420	60409421	-	ENSG00000273721
chr15	62256421	62256422	-	ENSG00000260375
chr15	63890030	63890031	+	ENSG00000275785
chr15	67985059	67985060	+	ENSG00000260109
chr15	72605008	72605009	-	ENSG00000278313
chr15	72605183	72605184	+	ENSG00000260144
chr15	72638821	72638822	+	ENSG00000259909
chr15	74062780	74062781	+	DNM1P33
chr15	74098414	74098415	-	COMMD4P2
chr15	75249407	75249408	-	ENSG00000260104
chr15	75480661	75480662	+	ENSG00000260165
chr15	75792683	75792684	-	DNM1P49
chr15	78750107	78750108	-	ENSG00000273512
chr15	78831041	78831042	+	ENSG00000288561
chr15	82472203	82472204	+	ENSG00000278603
chr15	82534139	82534140	-	DNM1P38
chr15	84080097	84080098	-	ENSG00000259609
chr15	84255913	84255914	+	UBE2Q2P8
chr15	84389729	84389730	+	ENSG00000259683
chr15	84394512	84394513	+	ENSG00000259570
chr15	84500599	84500600	-	UBE2Q2P12
chr15	84505463	84505464	+	ENSG00000259302
chr15	85240472	85240473	+	GOLGA6L3
chr15	85272527	85272528	+	ENSG00000259317
chr15	90282031	90282032	-	ENSG00000270322
chr15	91031691	91031692	-	ENSG00000275929
chr15	91032435	91032436	-	ENSG00000258665
chr15	94293537	94293538	+	ENSG00000287328
chr15	99791127	99791128	+	ENSG00000259655
chr15	101781989	101781990	-	GOLGA8VP
chr15	101828741	101828742	+	OR4F14P
chr15	101875964	101875965	+	OR4F28P
chr15	101903154	101903155	+	ENSG00000259646
chr15	101938470	101938471	-	OR4G6P
chr16	18068	18069	-	WASH4P
chr16	38321	38322	-	IL9RP3
chr16	163122	163123	+	HBZP1
chr16	168679	168680	+	HBAP1
chr16	1105461	1105462	-	ENSG00000260702
chr16	1276522	1276523	-	ENSG00000261564
chr16	1280544	1280545	-	ENSG00000260991
chr16	1288837	1288838	-	TPSP2
chr16	3215611	3215612	+	OR1F2P
chr16	5148685	5148686	-	ENPP7P14
chr16	10719762	10719763	-	MTCYBP33
chr16	10719833	10719834	+	MTND6P33
chr16	10721464	10721465	-	MTND5P33
chr16	10723068	10723069	-	MTND4P34
chr16	10723355	10723356	-	MTND4LP24
chr16	10723766	10723767	-	MTND3P13
chr16	10724617	10724618	-	MTCO3P24
chr16	10725296	10725297	-	MTATP6P24
chr16	11926199	11926200	+	ENSG00000277458
chr16	14733347	14733348	-	ENSG00000254609
chr16	14770075	14770076	-	ENSG00000255037
chr16	14953120	14953121	-	ENSG00000273804
chr16	15358978	15358979	+	ENSG00000277770
chr16	16310341	16310342	+	PKD1P1
chr16	16351653	16351654	-	ENSG00000277920
chr16	16356224	16356225	+	PKD1P2
chr16	16398594	16398595	-	ENSG00000261181
chr16	17094927	17094928	-	TCERG1P2
chr16	18313294	18313295	+	ENSG00000276484
chr16	18357026	18357027	+	ENSG00000277647
chr16	20607107	20607108	-	ACSM5P1
chr16	20616532	20616533	-	ENSG00000275315
chr16	20620758	20620759	-	ENSG00000274730
chr16	20711473	20711474	+	ENSG00000283399
chr16	21347139	21347140	+	ENSG00000257403
chr16	21376648	21376649	+	SNX29P1
chr16	21401089	21401090	+	ENSG00000276548
chr16	21550373	21550374	-	ENSG00000257639
chr16	21833516	21833517	+	ENSG00000276721
chr16	22537584	22537585	-	ENSG00000277041
chr16	25072727	25072728	-	ENSG00000263326
chr16	26358355	26358356	-	ENSG00000228480
chr16	28451644	28451645	+	ENSG00000275654
chr16	28601881	28601882	-	ENSG00000278665
chr16	28602340	28602341	+	ENSG00000278725
chr16	28614884	28614885	-	ENSG00000285020
chr16	28740781	28740782	-	ENSG00000261419
chr16	28777534	28777535	-	ENSG00000278528
chr16	29038655	29038656	+	NPIPB10P
chr16	29380242	29380243	+	ENSG00000278078
chr16	29447026	29447027	-	SMG1P6
chr16	29449191	29449192	+	ENSG00000260335
chr16	29478879	29478880	+	ENSG00000257506
chr16	29636328	29636329	-	CA5AP1
chr16	30214409	30214410	+	ENSG00000261444
chr16	30218220	30218221	+	ENSG00000261203
chr16	30336400	30336401	+	ENSG00000273724
chr16	30538231	30538232	-	ENSG00000260494
chr16	31361695	31361696	-	ENSG00000261245
chr16	31648307	31648308	+	VN1R66P
chr16	32051825	32051826	+	ENSG00000223931
chr16	32199902	32199903	+	ABHD17AP8
chr16	32363695	32363696	-	CHEK2P7
chr16	32388135	32388136	+	ENSG00000260866
chr16	32478250	32478251	-	ABCD1P3
chr16	32618733	32618734	+	ENSG00000262187
chr16	32729537	32729538	-	ABHD17AP7
chr16	32869985	32869986	+	BCAP31P2
chr16	32916974	32916975	+	ENSG00000277304
chr16	33140850	33140851	+	ABHD17AP9
chr16	33577502	33577503	+	ENSG00000259882
chr16	33763773	33763774	-	ENSG00000282924
chr16	33848644	33848645	-	ENSG00000270924
chr16	33852069	33852070	-	ENSG00000271691
chr16	33875468	33875469	-	ENSG00000260525
chr16	33948548	33948549	-	ENSG00000261607
chr16	33950420	33950421	-	IGHV3OR16-16
chr16	33966091	33966092	-	ENSG00000270401
chr16	33976039	33976040	+	ENSG00000198555
chr16	33991551	33991552	-	BCAP31P1
chr16	34013830	34013831	-	ENSG00000259990
chr16	34446566	34446567	+	ENSG00000286968
chr16	34962970	34962971	+	ENSG00000287353
chr16	35040164	35040165	+	CCNYL3
chr16	35068211	35068212	+	CLUHP11
chr16	35090501	35090502	+	VPS35P1
chr16	35208236	35208237	-	TP53TG3GP
chr16	35235984	35235985	-	FGFR3P5
chr16	35247534	35247535	-	FRG2JP
chr16	35336889	35336890	-	FRG2HP
chr16	35385086	35385087	-	FRG2GP
chr16	35407349	35407350	-	FRG2IP
chr16	35436341	35436342	-	ENSG00000278681
chr16	35645180	35645181	-	KIF18BP1
chr16	46573763	46573764	+	ENSG00000260251
chr16	46649126	46649127	+	ENSG00000260909
chr16	50046496	50046497	+	ENSG00000261835
chr16	53363678	53363679	-	ENSG00000259962
chr16	55728115	55728116	+	CES1P2
chr16	60359480	60359481	-	NPAP1L
chr16	60928541	60928542	-	ENSG00000261178
chr16	68004952	68004953	-	KARS1P3
chr16	69975238	69975239	+	ENSG00000277003
chr16	71420483	71420484	+	ENSG00000262120
chr16	71443856	71443857	-	ENSG00000262008
chr16	71833787	71833788	+	ENSG00000262140
chr16	72004803	72004804	-	ENSG00000263311
chr16	74393183	74393184	-	ENSG00000276822
chr16	74842587	74842588	+	ENSG00000261458
chr16	75646606	75646607	+	ENSG00000287194
chr16	87467138	87467139	+	ENSG00000276393
chr16	90175865	90175866	-	CICP25
chr17	3116427	3116428	+	OR1E3
chr17	3265611	3265612	+	OR1D3P
chr17	3377602	3377603	-	OR1AC1P
chr17	8063936	8063937	+	ALOXE3P1
chr17	14024514	14024515	+	CDRT15P1
chr17	15588852	15588853	+	ENSG00000223544
chr17	15675476	15675477	+	ZNF29P
chr17	15764703	15764704	+	CDRT15P2
chr17	15792862	15792863	+	ENSG00000233090
chr17	18390323	18390324	-	ENSG00000275206
chr17	18393480	18393481	+	TBC1D3P4
chr17	18452955	18452956	+	ENSG00000227919
chr17	18835707	18835708	+	ENSG00000250111
chr17	19169668	19169669	-	KYNUP1
chr17	19602259	19602260	+	MTND1P14
chr17	19603345	19603346	-	NMTRQ-TTG12-1
chr17	19603797	19603798	+	MTND2P12
chr17	19605454	19605455	+	MTCO1P39
chr17	20416697	20416698	-	SRP68P3
chr17	20550963	20550964	-	TBC1D3P3
chr17	20591180	20591181	-	ZSWIM5P2
chr17	20647287	20647288	+	ENSG00000236504
chr17	20754501	20754502	-	RNFT1P3
chr17	20814620	20814621	+	ABHD17AP6
chr17	21260501	21260502	-	EIF1P5
chr17	21657633	21657634	-	ENSG00000264617
chr17	21678086	21678087	+	ENSG00000274748
chr17	21783465	21783466	-	ENSG00000283566
chr17	22070538	22070539	-	NCOR1P2
chr17	22331597	22331598	+	ENSG00000266806
chr17	22519504	22519505	-	MTND6P35
chr17	22519617	22519618	+	MTCYBP13
chr17	22525899	22525900	+	MTND2P13
chr17	22527324	22527325	+	ENSG00000240103
chr17	22528921	22528922	-	NMTRS-TGA3-1
chr17	22529934	22529935	+	MTATP6P3
chr17	22530612	22530613	+	MTCO3P13
chr17	22531463	22531464	+	ENSG00000284300
chr17	22531876	22531877	+	ENSG00000284328
chr17	22532166	22532167	+	ENSG00000284263
chr17	22568713	22568714	-	ENSG00000275480
chr17	27047934	27047935	-	GTF2IP6
chr17	27412806	27412807	-	ENSG00000266356
chr17	27672803	27672804	-	ENSG00000265041
chr17	27746132	27746133	+	LGALS9DP
chr17	28022265	28022266	-	ENSG00000266190
chr17	28272365	28272366	-	ENSG00000266306
chr17	28275716	28275717	-	ENSG00000264029
chr17	28416922	28416923	+	H3P41
chr17	28445563	28445564	-	ENSG00000263870
chr17	28848860	28848861	+	ENSG00000264138
chr17	30059147	30059148	-	ENSG00000267482
chr17	30529688	30529689	+	ALOX12P1
chr17	30571748	30571749	-	KRT17P3
chr17	30617790	30617791	-	ENSG00000273609
chr17	32344124	32344125	-	OOSP1P2
chr17	33692229	33692230	+	ENSG00000283381
chr17	36161607	36161608	+	ENSG00000282738
chr17	36234554	36234555	-	ENSG00000276755
chr17	36241701	36241702	+	ENSG00000278395
chr17	36274191	36274192	+	ENSG00000261499
chr17	36457535	36457536	-	TBC1D3JP
chr17	38078262	38078263	+	NPEPPSP1
chr17	39023394	39023395	+	ENSG00000277426
chr17	40689360	40689361	-	KRT224P
chr17	41004760	41004761	-	KRTAP3-4P
chr17	41071946	41071947	+	KRTAP2-5P
chr17	41187136	41187137	-	KRTAP4-17P
chr17	41212706	41212707	+	KRTAP9-12P
chr17	41271311	41271312	+	KRTAP9-11P
chr17	41280604	41280605	+	KRTAP9-10P
chr17	41323427	41323428	+	TBC1D3P7
chr17	41334632	41334633	+	ENSG00000108516
chr17	41411775	41411776	-	KRT41P
chr17	41454055	41454056	-	KRT43P
chr17	42546764	42546765	+	HSD17B1P1
chr17	43168249	43168250	-	BRCA1P1
chr17	43927388	43927389	-	ENSG00000267166
chr17	46372855	46372856	+	NSFP1
chr17	46503946	46503947	+	RDM1P2
chr17	47080931	47080932	-	ENSG00000289730
chr17	49085511	49085512	+	B4GALNT2P1
chr17	59181787	59181788	-	SPDYE22P
chr17	60021072	60021073	+	ENSG00000275860
chr17	60025859	60025860	+	ENSG00000274378
chr17	60120687	60120688	-	ENSG00000267295
chr17	60125474	60125475	-	ENSG00000277532
chr17	60256720	60256721	+	SEPTIN7P12
chr17	62247153	62247154	-	ENSG00000266365
chr17	62260634	62260635	+	ENSG00000266647
chr17	63393355	63393356	+	ENSG00000271749
chr17	63885810	63885811	+	ENSG00000259533
chr17	63900643	63900644	+	ENSG00000259333
chr17	64750420	64750421	+	ENSG00000265298
chr17	64762710	64762711	-	BPTFP1
chr17	64778937	64778938	-	ENSG00000265982
chr17	64847386	64847387	+	ENSG00000272400
chr17	64940229	64940230	-	ENSG00000266155
chr17	66278059	66278060	+	ENSG00000284242
chr17	67777324	67777325	-	RPSAP67
chr17	68159043	68159044	-	RDM1P3
chr17	74552737	74552738	-	ENSG00000236770
chr18	45034	45035	+	ENSG00000262181
chr18	88570	88571	-	IL9RP4
chr18	10632238	10632239	+	ENSG00000266470
chr18	11326270	11326271	+	ENSG00000263682
chr18	11644336	11644337	+	ENSG00000267773
chr18	14075741	14075742	-	ENSG00000267756
chr18	14570844	14570845	+	OR4K7P
chr18	14613137	14613138	+	OR4K8P
chr18	14681106	14681107	-	VN1R74P
chr18	14695422	14695423	+	GTF2IP8
chr18	14890086	14890087	-	FGF7P1
chr18	15006352	15006353	-	ENSG00000266522
chr18	15254418	15254419	+	ENSG00000266818
chr18	52419644	52419645	-	VN1R76P
chr18	54563082	54563083	+	ENSG00000267428
chr18	54578541	54578542	+	ENSG00000288484
chr19	94062	94063	+	OR4G3P
chr19	157215	157216	-	OR4F8P
chr19	3776182	3776183	-	ENSG00000267148
chr19	4349061	4349062	-	EIF1P6
chr19	4621194	4621195	+	ENSG00000267408
chr19	6199405	6199406	+	ENSG00000284490
chr19	6898299	6898300	+	ENSG00000269385
chr19	7787549	7787550	+	CLEC4GP1
chr19	8173272	8173273	+	ENSG00000269651
chr19	9083398	9083399	-	OR1M4P
chr19	9122492	9122493	-	OR7G15P
chr19	9191286	9191287	+	OR7E16P
chr19	9235144	9235145	+	OR7D1P
chr19	9261716	9261717	-	OR7E18P
chr19	9279369	9279370	-	OR7H1P
chr19	9725086	9725087	-	ENSG00000267490
chr19	9756863	9756864	-	ENSG00000267370
chr19	11585246	11585247	+	GAPDHP76
chr19	11759933	11759934	-	ENSG00000220949
chr19	12502675	12502676	+	MTND2P40
chr19	12504665	12504666	+	MTCO1P27
chr19	12504905	12504906	+	MTCO2P27
chr19	12506249	12506250	+	MTATP6P27
chr19	14852944	14852945	-	OR7A8P
chr19	14887115	14887116	-	OR7A18P
chr19	14904138	14904139	-	OR7A3P
chr19	14916428	14916429	+	OR7A11P
chr19	14927052	14927053	+	OR7A15P
chr19	15142062	15142063	-	OR10B1P
chr19	15516836	15516837	-	ENSG00000269765
chr19	15664106	15664107	+	CYP4F10P
chr19	15779909	15779910	-	CYP4F24P
chr19	15871852	15871853	-	CYP4F36P
chr19	15999020	15999021	-	CYP4F9P
chr19	16038455	16038456	-	ENSG00000277766
chr19	16051929	16051930	+	OR1AB1P
chr19	19740884	19740885	+	ENSG00000275540
chr19	19909146	19909147	-	ENSG00000273791
chr19	19979610	19979611	-	ENSG00000274800
chr19	20056594	20056595	-	ENSG00000274033
chr19	20206954	20206955	-	ENSG00000267771
chr19	20249052	20249053	+	ENSG00000268620
chr19	20295089	20295090	+	ENSG00000269274
chr19	20330121	20330122	+	ENSG00000276294
chr19	20389658	20389659	+	ENSG00000268461
chr19	20583647	20583648	-	VN1R78P
chr19	20674923	20674924	+	ENSG00000280171
chr19	20691336	20691337	+	ENSG00000269779
chr19	20758440	20758441	+	VN1R79P
chr19	20847417	20847418	-	ENSG00000269373
chr19	20961057	20961058	+	KRT18P40
chr19	21063924	21063925	+	VN1R80P
chr19	21123817	21123818	+	VN1R81P
chr19	21188598	21188599	+	VN1R82P
chr19	21222746	21222747	-	ENSG00000268892
chr19	21245241	21245242	-	ENSG00000269839
chr19	21289998	21289999	-	VN1R83P
chr19	21382865	21382866	+	ENSG00000213976
chr19	21592727	21592728	+	ENSG00000274503
chr19	21637974	21637975	+	ENSG00000268278
chr19	21720035	21720036	-	VN1R84P
chr19	22175191	22175192	-	VN1R85P
chr19	22215661	22215662	-	ENSG00000282732
chr19	22463922	22463923	+	ZNF209P
chr19	22596163	22596164	-	ENSG00000271149
chr19	22620483	22620484	+	ENSG00000268589
chr19	22685167	22685168	+	ZNF849P
chr19	22743410	22743411	-	VN1R87P
chr19	22770375	22770376	+	ENSG00000279966
chr19	22770937	22770938	+	ENSG00000270518
chr19	22861303	22861304	+	VN1R88P
chr19	22925377	22925378	+	ENSG00000269458
chr19	23288620	23288621	+	VN1R90P
chr19	23290849	23290850	+	VN1R91P
chr19	23444262	23444263	+	VN1R92P
chr19	23480468	23480469	-	ENSG00000275201
chr19	23512656	23512657	-	ZNF725P
chr19	23596122	23596123	+	ENSG00000268455
chr19	23602567	23602568	+	VN1R93P
chr19	23842549	23842550	+	ENSG00000277493
chr19	23935220	23935221	+	ENSG00000269421
chr19	27898927	27898928	-	ENSG00000267389
chr19	29901869	29901870	-	ENSG00000267433
chr19	34545395	34545396	-	ZNF807P
chr19	35233003	35233004	-	FAM187B2P
chr19	37025254	37025255	-	ENSG00000275547
chr19	39237293	39237294	-	IFNL3P1
chr19	39264382	39264383	+	IFNL4P1
chr19	39553034	39553035	+	ENSG00000269588
chr19	39584042	39584043	+	ENSG00000269188
chr19	39726775	39726776	-	ENSG00000278813
chr19	40910685	40910686	-	CYP2A7P2
chr19	41027720	41027721	-	CYP2A7P1
chr19	41062444	41062445	-	CYP2G2P
chr19	41134722	41134723	+	CYP2T3P
chr19	42561750	42561751	-	CEACAMP2
chr19	42633034	42633035	-	CEACAMP1
chr19	42654200	42654201	+	CEACAMP5
chr19	42786595	42786596	-	CEACAMP6
chr19	42950387	42950388	-	CEACAMP7
chr19	43041248	43041249	-	CEACAMP8
chr19	43097360	43097361	-	CEACAMP9
chr19	43284318	43284319	-	CEACAMP11
chr19	43304523	43304524	-	CEACAMP4
chr19	43379123	43379124	-	CD177P1
chr19	44467641	44467642	+	ZNF285BP
chr19	44570564	44570565	-	ENSG00000224366
chr19	46196238	46196239	+	IGFL1P1
chr19	46250163	46250164	-	ENSG00000277748
chr19	46260858	46260859	-	IGFL1P2
chr19	46533669	46533670	+	ENSG00000278797
chr19	49026020	49026021	-	NTF6A
chr19	49029726	49029727	+	NTF6G
chr19	49039038	49039039	-	NTF6B
chr19	49042174	49042175	+	ENSG00000268669
chr19	49050846	49050847	-	ENSG00000269706
chr19	50758382	50758383	+	GPR32P1
chr19	51119987	51119988	+	SIGLEC18P
chr19	51137970	51137971	+	ENSG00000267990
chr19	51184905	51184906	+	SIGLEC20P
chr19	51198855	51198856	+	SIGLEC21P
chr19	51426668	51426669	-	ENSG00000268711
chr19	51468636	51468637	-	ENSG00000268957
chr19	51505362	51505363	-	ENSG00000268839
chr19	51508573	51508574	+	SIGLEC27P
chr19	51560590	51560591	-	ENSG00000269130
chr19	51564910	51564911	-	SIGLEC29P
chr19	51917703	51917704	-	ENSG00000283285
chr19	52392659	52392660	+	ENSG00000277977
chr19	52475239	52475240	-	ENSG00000278543
chr19	52865429	52865430	-	ENSG00000283695
chr19	53512616	53512617	-	ENSG00000274892
chr19	53658462	53658463	-	ENSG00000270347
chr19	54031412	54031413	+	ENSG00000276206
chr19	54209418	54209419	-	ENSG00000224579
chr19	54247322	54247323	-	ENSG00000249189
chr19	54294366	54294367	-	ENSG00000240197
chr19	54296252	54296253	-	ENSG00000276758
chr19	54298814	54298815	-	ENSG00000251431
chr19	54306026	54306027	-	ENSG00000234436
chr19	54521723	54521724	+	ENSG00000213016
chr19	54551970	54551971	+	ENSG00000235181
chr19	54607870	54607871	+	ENSG00000238094
chr19	54652085	54652086	+	ENSG00000237323
chr19	54671231	54671232	+	ENSG00000225370
chr19	54696604	54696605	+	LILRP1
chr19	54703952	54703953	+	ENSG00000228790
chr19	54755023	54755024	+	KIR2DP1
chr19	56244043	56244044	+	ZSCAN5DP
chr19	56494280	56494281	-	ENSG00000276578
chr19	56590281	56590282	-	SIGLEC31P
chr19	57112027	57112028	-	ENSG00000274219
chr19	57459912	57459913	+	VN1R107P
chr20	1557653	1557654	-	ENSG00000242324
chr20	1708200	1708201	-	SIRPB3P
chr20	1676907	1676908	-	ENSG00000236550
chr20	1722537	1722538	-	ENSG00000234282
chr20	21265854	21265855	+	ZNF877P
chr20	23475700	23475701	+	CST12P
chr20	23550652	23550653	-	CST9LP1
chr20	23583645	23583646	+	CST9LP2
chr20	23711406	23711407	-	CST2P1
chr20	23776169	23776170	-	CSTP2
chr20	23980734	23980735	-	ENSG00000236168
chr20	23989292	23989293	+	POM121L3P
chr20	25734264	25734265	+	VN1R108P
chr20	25836832	25836833	-	ENSG00000250090
chr20	25919681	25919682	-	CFTRP1
chr20	26018832	26018833	+	ENSG00000204556
chr20	29080390	29080391	+	FRG1DP
chr20	29318824	29318825	+	DUX4L32
chr20	29321666	29321667	-	PCMTD1P7
chr20	29324092	29324093	+	DUX4L33
chr20	29411600	29411601	-	DUX4L34
chr20	29416911	29416912	-	FRG2EP
chr20	29449306	29449307	-	DUX4L35
chr20	29497179	29497180	-	FRG1EP
chr20	29879363	29879364	-	DUX4L37
chr20	30377372	30377373	+	FRG1BP
chr20	36620403	36620404	+	HNRNPA3P2
chr20	44842539	44842540	-	PGBD4P2
chr20	45229817	45229818	+	ENSG00000233352
chr20	46484461	46484462	+	ZNF840P
chr20	58783821	58783822	-	PIEZO1P2
chr20	58948267	58948268	-	ENSG00000284985
chr21	6276532	6276533	-	ENSG00000280019
chr21	6309161	6309162	+	ENSG00000279709
chr21	6679962	6679963	-	ENSG00000279788
chr21	6712596	6712597	+	ENSG00000279728
chr21	7007022	7007023	-	ENSG00000279477
chr21	7388799	7388800	-	ENSG00000279647
chr21	7425839	7425840	-	ENSG00000279895
chr21	8857260	8857261	+	ENSG00000278931
chr21	9053122	9053123	+	ENSG00000280436
chr21	9376645	9376646	-	ENSG00000279208
chr21	10136419	10136420	+	CDRT15P8
chr21	10397644	10397645	+	ENSG00000278106
chr21	10613379	10613380	-	SLC25A15P4
chr21	10640338	10640339	-	ENSG00000276556
chr21	13113790	13113791	-	ZNF355P
chr21	13349265	13349266	+	FGF7P2
chr21	13427773	13427774	-	ANKRD30BP1
chr21	13489176	13489177	-	GTF2IP2
chr21	13545185	13545186	-	OR4K11P
chr21	13582004	13582005	-	OR4K12P
chr21	14000927	14000928	+	NF1P3
chr21	14007134	14007135	+	PPP6R2P1
chr21	14064325	14064326	+	ANKRD20A18P
chr21	30356885	30356886	-	KRTAP13-6P
chr21	30436964	30436965	-	KRTAP13-5P
chr21	30510497	30510498	-	KRTAP19-9P
chr21	30514799	30514800	-	KRTAP19-10P
chr21	30526701	30526702	-	ENSG00000218125
chr21	30537381	30537382	-	KRTAP19-11P
chr21	30742595	30742596	-	KRTAP21-4P
chr21	30762882	30762883	-	ENSG00000238257
chr21	30802427	30802428	-	KRTAP8-2P
chr21	30807119	30807120	-	KRTAP8-3P
chr21	32621084	32621085	+	OR7E23P
chr21	44702221	44702222	+	KRTAP10-13P
chr22	10961338	10961339	-	FRG1FP
chr22	11474744	11474745	+	ENSG00000288262
chr22	12602466	12602467	+	FRG1GP
chr22	15290718	15290719	+	ENSG00000236235
chr22	15343065	15343066	-	ZNF72P
chr22	15489990	15489991	+	YME1L1P1
chr22	15541436	15541437	+	ENSG00000237299
chr22	15588361	15588362	+	ENSG00000230643
chr22	15615578	15615579	-	ENSG00000226474
chr22	15632051	15632052	-	NF1P6
chr22	15644330	15644331	-	MED15P7
chr22	15852990	15852991	+	NBEAP3
chr22	15901791	15901792	+	ENSG00000229286
chr22	16387694	16387695	+	ABCD1P4
chr22	16423943	16423944	+	PABPC1P9
chr22	16476870	16476871	-	SLC9B1P4
chr22	16503304	16503305	+	CHEK2P4
chr22	16572027	16572028	+	ENSG00000233995
chr22	16646581	16646582	-	SLC25A15P5
chr22	16844399	16844400	+	ENSG00000283535
chr22	16953895	16953896	+	ENSG00000285045
chr22	18101612	18101613	+	ENSG00000235617
chr22	18340145	18340146	+	GGTLC5P
chr22	18404206	18404207	-	PPP1R26P3
chr22	18625289	18625290	-	SUSD2P2
chr22	18638405	18638406	-	CA15P2
chr22	18858640	18858641	-	BCRP7
chr22	18981325	18981326	-	ENSG00000283583
chr22	20299760	20299761	+	ENSG00000161132
chr22	20592218	20592219	-	CCDC74BP1
chr22	20632619	20632620	+	IGLL4P
chr22	20698934	20698935	-	BCRP5
chr22	21065462	21065463	+	TUBA3GP
chr22	21081018	21081019	-	ENSG00000284665
chr22	21229138	21229139	-	ENSG00000283145
chr22	21294586	21294587	-	BCRP6
chr22	22038643	22038644	+	ENSG00000249333
chr22	22046430	22046431	+	ENSG00000228161
chr22	22087924	22087925	+	ENSG00000275361
chr22	22103219	22103220	+	ENSG00000225741
chr22	22155582	22155583	+	ENSG00000236118
chr22	22157382	22157383	+	ENSG00000233720
chr22	22168289	22168290	+	ENSG00000227710
chr22	22339573	22339574	+	ASH2LP3
chr22	22347807	22347808	+	ENSG00000232515
chr22	22370829	22370830	+	ENSG00000232603
chr22	22465659	22465660	+	ENSG00000226595
chr22	22630065	22630066	+	BCRP4
chr22	22689831	22689832	+	ENSG00000232350
chr22	22774529	22774530	+	ENSG00000231392
chr22	22803076	22803077	+	ENSG00000274381
chr22	22814671	22814672	+	ENSG00000226477
chr22	22834865	22834866	+	ENSG00000237127
chr22	22990690	22990691	+	ENSG00000223679
chr22	23392553	23392554	+	ENSG00000248409
chr22	23607041	23607042	+	ENSG00000278655
chr22	23653334	23653335	-	ASLP1
chr22	23939998	23939999	+	ENSG00000206090
chr22	23949918	23949919	+	ENSG00000231271
chr22	23977585	23977586	-	ENSG00000250470
chr22	24008258	24008259	-	ENSG00000235689
chr22	24249466	24249467	-	GGTLC4P
chr22	24263764	24263765	-	BCRP1
chr22	25318256	25318257	+	IGLL3P
chr22	25327252	25327253	+	ENSG00000230637
chr22	29423193	29423194	-	ENSG00000242156
chr22	29432944	29432945	+	RFPL4AP6
chr22	30654814	30654815	-	ENSG00000250318
chr22	30664961	30664962	+	ENSG00000288153
chr22	32134028	32134029	+	AP1B1P2
chr22	32386668	32386669	+	ENSG00000232218
chr22	36537604	36537605	-	ENSG00000188078
chr22	36953723	36953724	-	CSF2RBP1
chr22	39070414	39070415	+	ENSG00000259421
chr22	42155001	42155002	-	CYP2D8P
chr22	42784462	42784463	+	GOLGA2P4
chr22	49758980	49758981	-	RPL5P35
chrX	253743	253744	+	ENSG00000228572
chrX	7896722	7896723	-	ENSG00000274923
chrX	11221348	11221349	+	FAM9CP1
chrX	12583526	12583527	-	ENSG00000273800
chrX	13327937	13327938	+	ENSG00000235592
chrX	17900333	17900334	-	ENSG00000276467
chrX	19497721	19497722	-	EIF5P2
chrX	21841961	21841962	-	ENSG00000275681
chrX	26147774	26147775	+	ENSG00000232446
chrX	26170052	26170053	+	ENSG00000227511
chrX	26200042	26200043	+	ENSG00000232644
chrX	26223903	26223904	+	ENSG00000237171
chrX	30290351	30290352	-	PLCE1P1
chrX	30823407	30823408	-	ENSG00000277876
chrX	34768688	34768689	-	ENSG00000273704
chrX	36795460	36795461	-	ENSG00000275314
chrX	36957913	36957914	+	ENSG00000235510
chrX	36984358	36984359	+	ENSG00000289708
chrX	37043571	37043572	-	FTHL18P
chrX	37078401	37078402	-	ENSG00000214071
chrX	37441523	37441524	+	ENSG00000241607
chrX	37492021	37492022	+	FTH1P19
chrX	37505310	37505311	+	FTH1P27
chrX	37700005	37700006	+	H2AL1MP
chrX	48156367	48156368	+	SSXP3
chrX	48277578	48277579	-	ENSG00000241207
chrX	48322349	48322350	+	SSXP9
chrX	48433201	48433202	+	ENSG00000235350
chrX	49157351	49157352	-	ENSG00000280116
chrX	51031357	51031358	-	ENSG00000227493
chrX	51082818	51082819	+	ENSG00000230926
chrX	51162864	51162865	+	ENSG00000237926
chrX	51903850	51903851	-	ENSG00000228827
chrX	52382053	52382054	+	ENSG00000225957
chrX	52410432	52410433	-	ENSG00000276897
chrX	52422069	52422070	+	ENSG00000224556
chrX	52451138	52451139	-	ENSG00000250084
chrX	52481515	52481516	+	ENSG00000278160
chrX	52545151	52545152	+	ENSG00000227058
chrX	52562301	52562302	-	ENSG00000231593
chrX	52583989	52583990	+	ENSG00000228771
chrX	52598494	52598495	+	SSXP4
chrX	52611758	52611759	-	SSXP1
chrX	52672718	52672719	+	SSXP5
chrX	52785786	52785787	-	ENSG00000226867
chrX	52829267	52829268	-	ENSG00000196395
chrX	54842014	54842015	+	ENSG00000275387
chrX	55045121	55045122	-	ENSG00000278283
chrX	55102026	55102027	-	ENSG00000278319
chrX	55137930	55137931	+	ENSG00000276929
chrX	55172717	55172718	+	ENSG00000186678
chrX	55520714	55520715	-	ENSG00000277516
chrX	55635656	55635657	-	ENSG00000229594
chrX	66437345	66437346	+	ENSG00000226820
chrX	71873295	71873296	-	ENSG00000283178
chrX	75582676	75582677	+	BRAFP1
chrX	81408938	81408939	+	ENSG00000224523
chrX	85143427	85143428	+	ENSG00000283446
chrX	102259043	102259044	+	ENSG00000273746
chrX	103909126	103909127	+	ENSG00000276298
chrX	106563404	106563405	-	SERPINA7P1
chrX	106566021	106566022	+	ENSG00000277673
chrX	107974078	107974079	+	NLRP3P1
chrX	108383398	108383399	+	ENSG00000189372
chrX	116680303	116680304	-	SLC6A14P1
chrX	116688870	116688871	+	SLC6A14P2
chrX	119257667	119257668	-	AKAP17BP
chrX	119807581	119807582	-	ENSG00000290162
chrX	119815307	119815308	-	ENSG00000290163
chrX	119823043	119823044	-	ENSG00000290164
chrX	119831759	119831760	-	ENSG00000290165
chrX	120000088	120000089	-	RHOXF1P2
chrX	126503155	126503156	-	ENSG00000274901
chrX	130545586	130545587	+	ENSG00000271677
chrX	131204068	131204069	+	OR11Q1P
chrX	131221436	131221437	-	ENSG00000276205
chrX	131325313	131325314	-	OR11N1P
chrX	131342425	131342426	-	OR5AW1P
chrX	131398957	131398958	-	OR5BH1P
chrX	131424301	131424302	+	OR1AA1P
chrX	131562729	131562730	+	OR13K1P
chrX	131596121	131596122	+	OR7L1P
chrX	131619013	131619014	+	OR2AF1P
chrX	133989443	133989444	+	ENSG00000232068
chrX	135194679	135194680	-	ENSG00000236491
chrX	135201731	135201732	+	ENSG00000228922
chrX	135447368	135447369	-	ENSG00000273988
chrX	135598927	135598928	+	SAGE4P
chrX	135642756	135642757	-	SAGE3P
chrX	135686151	135686152	-	SAGE2P
chrX	135710377	135710378	-	ENSG00000274601
chrX	135947139	135947140	-	CT45A11P
chrX	142148866	142148867	-	ENSG00000236205
chrX	142173989	142173990	-	ENSG00000225469
chrX	142195490	142195491	-	ENSG00000250625
chrX	149525001	149525002	+	IDSP1
chrX	149757797	149757798	+	ENSG00000228833
chrX	149758295	149758296	-	ENSG00000223377
chrX	149760779	149760780	+	ENSG00000231694
chrX	149768897	149768898	+	TMEM185AP1
chrX	149808214	149808215	+	MAGEA7P
chrX	152682810	152682811	+	ENSG00000269475
chrX	153028785	153028786	+	ENSG00000234200
chrX	153076968	153076969	-	PNMA6B
chrX	153203044	153203045	+	ENSG00000235219
chrX	153249691	153249692	-	ENSG00000231600
chrX	153355733	153355734	+	ENSG00000232249
chrX	154176349	154176350	-	TEX28P2
chrX	154213487	154213488	-	TEX28P1
chrX	154251288	154251289	-	TEX28P3
chrX	154620096	154620097	+	ENSG00000273773
chrX	154648275	154648276	-	IKBKGP1
chrX	154654546	154654547	+	ENSG00000226141
chrX	154659643	154659644	-	OR3B1P
chrX	154919103	154919104	-	EEF1A1P31
chrX	155137111	155137112	+	ENSG00000235991
chrX	156027877	156027878	-	DDX11L16
chrY	253743	253744	+	ENSG00000228572
chrY	6266593	6266594	+	TSPY11P
chrY	6274065	6274066	-	ENSG00000275352
chrY	6305074	6305075	-	TSPY19P
chrY	6306042	6306043	+	ENSG00000235094
chrY	6328052	6328053	+	RBMY2GP
chrY	6496757	6496758	-	ENSG00000235895
chrY	6520463	6520464	+	TSPY17P
chrY	7106502	7106503	-	GPR143P
chrY	7676024	7676025	-	RBMY2HP
chrY	7678899	7678900	+	ENSG00000223422
chrY	7689548	7689549	-	TSPY12P
chrY	7690511	7690512	+	ENSG00000236690
chrY	7937640	7937641	-	BPY2DP
chrY	8127130	8127131	+	RBMY2JP
chrY	8277188	8277189	-	RBMY2KP
chrY	8280198	8280199	+	TSPY24P
chrY	8903276	8903277	-	ENSG00000228207
chrY	8974095	8974096	-	ENSG00000230025
chrY	9030594	9030595	+	OFD1P3Y
chrY	9183694	9183695	+	USP9YP22
chrY	9204611	9204612	-	USP9YP4
chrY	9322869	9322870	-	RBMY1A3P
chrY	9378122	9378123	+	TSPY7P
chrY	9507596	9507597	+	TSPY6P
chrY	9547147	9547148	-	FAM197Y1
chrY	9548108	9548109	+	TSPY15P
chrY	9621276	9621277	-	RBMY3AP
chrY	9624183	9624184	+	TSPY25P
chrY	9640716	9640717	-	TSPY16P
chrY	9665229	9665230	+	ENSG00000232617
chrY	9846696	9846697	-	RBMY2NP
chrY	9869664	9869665	+	TSPY18P
chrY	9908139	9908140	-	TSPY13P
chrY	9951553	9951554	+	RBMY2OP
chrY	10036195	10036196	+	TSPY20P
chrY	10172725	10172726	-	DUX4L31
chrY	10173853	10173854	+	PCMTD1P1
chrY	11306918	11306919	+	DUX4L16
chrY	11314921	11314922	+	DUX4L17
chrY	11321557	11321558	+	DUX4L18
chrY	11332329	11332330	+	DUX4L19
chrY	11385687	11385688	-	SLC9B1P1
chrY	11412548	11412549	+	CHEK2P1
chrY	11445564	11445565	-	MTND1P12
chrY	11957208	11957209	+	MXRA5Y
chrY	12354096	12354097	+	ARSDP1
chrY	12507369	12507370	-	XGY1
chrY	12634402	12634403	-	MED14P1
chrY	12948182	12948183	-	CASKP1
chrY	14081075	14081076	+	PNPLA4P1
chrY	14101723	14101724	-	ENSG00000289706
chrY	15456074	15456075	-	PUDPP1
chrY	15547216	15547217	+	STSP1
chrY	17519038	17519039	-	TUBB1P2
chrY	17625832	17625833	-	CLUHP1
chrY	17708185	17708186	-	ENSG00000275578
chrY	17721598	17721599	+	CDY5P
chrY	17744596	17744597	-	PRYP1
chrY	17782210	17782211	+	USP9YP23
chrY	17789484	17789485	-	USP9YP27
chrY	17800696	17800697	-	TRAPPC2P3
chrY	17809807	17809808	+	OFD1P1Y
chrY	17883708	17883709	-	CDY6P
chrY	17908755	17908756	+	USP9YP7
chrY	17921630	17921631	-	USP9YP6
chrY	17951589	17951590	+	CDY7P
chrY	17984349	17984350	+	USP9YP34
chrY	17997252	17997253	-	USP9YP32
chrY	18022299	18022300	+	CDY8P
chrY	18096202	18096203	-	OFD1P2Y
chrY	18105314	18105315	+	TRAPPC2P8
chrY	18116527	18116528	+	USP9YP15
chrY	18123799	18123800	-	USP9YP16
chrY	18161366	18161367	+	PRYP2
chrY	18184414	18184415	-	CDY9P
chrY	18280178	18280179	+	CLUHP2
chrY	18386974	18386975	+	TUBB1P1
chrY	18472137	18472138	-	OFD1P4Y
chrY	18481087	18481088	+	USP9YP14
chrY	18494295	18494296	-	USP9YP5
chrY	18508577	18508578	+	XKRYP1
chrY	18529358	18529359	+	PRYP5
chrY	18540980	18540981	+	USP9YP1
chrY	18578417	18578418	+	GPM6BP1
chrY	18629077	18629078	-	OFD1P5Y
chrY	18649671	18649672	+	RAB9AP4
chrY	18656190	18656191	-	TRAPPC2P7
chrY	18741986	18741987	-	GPM6BP2
chrY	18779427	18779428	-	USP9YP2
chrY	18811829	18811830	-	XKRYP2
chrY	18826107	18826108	+	USP9YP10
chrY	18839313	18839314	-	USP9YP28
chrY	18848264	18848265	+	OFD1P7Y
chrY	20012204	20012205	-	ZNF886P
chrY	20727254	20727255	+	TBL1YP1
chrY	20811809	20811810	-	HSFY4P
chrY	21311268	21311269	+	ENSG00000226918
chrY	21405770	21405771	+	ENSG00000236615
chrY	21437245	21437246	-	RBMY2TP
chrY	21468158	21468159	+	TSPY14P
chrY	21493519	21493520	+	RBMY1HP
chrY	21510470	21510471	-	ENSG00000242393
chrY	21534011	21534012	-	ENSG00000228257
chrY	21639041	21639042	-	CDY10P
chrY	21661926	21661927	+	USP9YP3
chrY	21681118	21681119	-	USP9YP8
chrY	21696570	21696571	+	CDY11P
chrY	21818218	21818219	-	OFD1P16Y
chrY	21871331	21871332	+	ENSG00000229725
chrY	21895394	21895395	+	ENSG00000251618
chrY	21918935	21918936	+	ENSG00000227444
chrY	21937150	21937151	-	RBMY2AP
chrY	21940012	21940013	+	ENSG00000237968
chrY	21972313	21972314	+	OFD1P8Y
chrY	22049347	22049348	-	HSFY5P
chrY	22058113	22058114	-	USP9YP17
chrY	22064698	22064699	+	CDY12P
chrY	22183850	22183851	+	TSPY23P
chrY	22198429	22198430	+	RBMY2UP
chrY	22209331	22209332	+	RBMY1KP
chrY	22307951	22307952	-	TSPY22P
chrY	22330452	22330453	+	TTTY25P
chrY	22402568	22402569	-	TSPY21P
chrY	22521695	22521696	-	CDY13P
chrY	22528281	22528282	+	USP9YP24
chrY	22537047	22537048	+	HSFY7P
chrY	22614081	22614082	-	OFD1P9Y
chrY	22646327	22646328	-	ENSG00000273589
chrY	22672859	22672860	-	ENSG00000224917
chrY	22769787	22769788	-	RBMY2WP
chrY	22861834	22861835	-	ENSG00000276829
chrY	23379484	23379485	+	PPP1R12BP2
chrY	23435905	23435906	+	ENSG00000286744
chrY	23462465	23462466	+	REREP1Y
chrY	23523321	23523322	+	ENSG00000230073
chrY	23549809	23549810	+	ENSG00000236647
chrY	23581595	23581596	+	OFD1P10Y
chrY	23659058	23659059	-	HSFY6P
chrY	23667822	23667823	-	USP9YP18
chrY	23674379	23674380	+	CDY14P
chrY	23678504	23678505	+	ELOCP16
chrY	23694527	23694528	-	PRYP3
chrY	23726808	23726809	-	XKRYP3
chrY	23734193	23734194	+	USP9YP25
chrY	23746693	23746694	-	USP9YP29
chrY	23751188	23751189	+	RAB9AP1
chrY	23765583	23765584	-	TRAPPC2P9
chrY	23771232	23771233	+	OFD1P11Y
chrY	23857091	23857092	-	CDY15P
chrY	23917723	23917724	-	XKRYP4
chrY	23919905	23919906	+	USP9YP13
chrY	23934953	23934954	+	USP9YP11
chrY	23952293	23952294	-	USP9YP12
chrY	23956569	23956570	+	RAB9AP5
chrY	23970694	23970695	-	TRAPPC2P10
chrY	23972780	23972781	+	OFD1P12Y
chrY	24051487	24051488	-	CDY17P
chrY	24077799	24077800	+	USP9YP35
chrY	24090346	24090347	-	USP9YP31
chrY	24104107	24104108	+	CDY18P
chrY	24142358	24142359	+	ENSG00000235981
chrY	24168187	24168188	+	GOLGA6L11P
chrY	24183505	24183506	-	DNM1P24
chrY	24182477	24182478	+	ENSG00000230977
chrY	24191870	24191871	-	CSPG4P3Y
chrY	24206132	24206133	-	ENSG00000284071
chrY	24238984	24238985	-	UBE2Q2P4Y
chrY	24283062	24283063	+	SEPTIN14P22
chrY	24403526	24403527	-	RBMY2XP
chrY	24978317	24978318	-	ENSG00000278602
chrY	25010769	25010770	-	ENSG00000278197
chrY	25266584	25266585	+	RBMY2YP
chrY	25431156	25431157	+	UBE2Q2P5Y
chrY	25454561	25454562	+	GOLGA2P3Y
chrY	25464006	25464007	+	ENSG00000284380
chrY	25478269	25478270	+	CSPG4P4Y
chrY	25501958	25501959	-	GOLGA6L16P
chrY	25527786	25527787	-	ENSG00000235583
chrY	25566033	25566034	-	CDY19P
chrY	25579790	25579791	+	USP9YP36
chrY	25592345	25592346	-	USP9YP33
chrY	25618644	25618645	+	CDY20P
chrY	25697346	25697347	-	OFD1P13Y
chrY	25699451	25699452	+	TRAPPC2P5
chrY	25713557	25713558	-	RAB9AP2
chrY	25723016	25723017	+	USP9YP30
chrY	25735160	25735161	-	USP9YP9
chrY	25750206	25750207	-	USP9YP19
chrY	25752388	25752389	+	XKRYP5
chrY	25813013	25813014	+	CDY22P
chrY	25898653	25898654	-	OFD1P18Y
chrY	25904518	25904519	+	TRAPPC2P4
chrY	25923388	25923389	+	USP9YP20
chrY	25935881	25935882	-	USP9YP21
chrY	25943268	25943269	+	XKRYP6
chrY	25975549	25975550	+	PRYP4
chrY	25995697	25995698	-	CDY23P
chrY	26002254	26002255	+	USP9YP26
chrY	26011435	26011436	+	HSFY8P
chrY	26088493	26088494	-	OFD1P15Y
chrY	26208148	26208149	-	REREP2Y
chrY	26234711	26234712	-	ENSG00000289705
chrY	26244573	26244574	-	ENSG00000225876
chrY	26354418	26354419	-	PPP1R12BP1
chrY	26409815	26409816	+	ANKRD36P1
chrY	26508213	26508214	+	TPTE2P4
chrY	26591601	26591602	-	SLC25A15P1
chrY	26634652	26634653	-	PARP4P1
chrY	57214397	57214398	-	DDX11L16
